OverallQual,YearBuilt,YearRemodAdd,TotalBsmtSF,GrLivArea,FullBath,GarageCars,SalePrice,ExterQual,BsmtQual,KitchenQual
7,2003,2003,856,1710,2,2,12.24769911637256,Gd,Gd,Gd
6,1976,1976,1262,1262,2,2,12.109016442313738,TA,Gd,TA
7,2001,2002,920,1786,2,2,12.317171167298682,Gd,Gd,Gd
7,1915,1970,756,1717,1,3,11.849404844423074,TA,TA,Gd
8,2000,2000,1145,2198,2,3,12.429220196836383,Gd,Gd,Gd
5,1993,1995,796,1362,1,2,11.870606902224587,TA,Gd,TA
8,2004,2005,1686,1694,2,2,12.634606283893019,Gd,Ex,Gd
7,1973,1973,1107,2090,2,2,12.206077645517674,TA,Gd,TA
7,1931,1950,952,1774,2,2,11.774527900858468,TA,TA,TA
5,1939,1950,991,1077,1,1,11.678448377988165,TA,TA,TA
5,1965,1965,1040,1040,1,1,11.771443882099637,TA,TA,TA
9,2005,2006,1175,2324,3,3,12.75130259456002,Ex,Ex,Ex
5,1962,1962,912,912,1,1,11.87757552297847,TA,TA,TA
7,2006,2007,1494,1494,2,3,12.540761149388421,Gd,Gd,Gd
6,1960,1960,1253,1253,1,1,11.964007453736912,TA,TA,TA
7,1929,2001,832,854,1,2,11.790564777297387,TA,TA,TA
6,1970,1970,1004,1004,1,2,11.91170829631447,TA,TA,TA
4,1967,1967,0,1296,2,2,11.407576060361786,TA,None,TA
5,2004,2004,1114,1114,1,2,11.976665770490767,TA,TA,Gd
5,1958,1965,1029,1339,1,1,11.842236406331555,TA,TA,TA
8,2005,2006,1158,2376,3,3,12.692506186542177,Gd,Ex,Gd
7,1930,1950,637,1108,1,1,11.845109950883979,TA,TA,Gd
8,2002,2002,1777,1795,2,2,12.345838935721968,Gd,Gd,Gd
5,1976,1976,1040,1060,1,2,11.774527900858468,TA,Gd,TA
5,1968,2001,1060,1060,1,1,11.944714374881176,TA,TA,Gd
8,2007,2007,1566,1600,2,3,12.454107814022272,Gd,Gd,Gd
5,1951,2000,900,900,1,2,11.811554895830454,TA,TA,Gd
8,2007,2008,1704,1704,2,3,12.631343648903034,Gd,Ex,Gd
5,1957,1997,1484,1600,1,1,12.242891437918386,TA,TA,TA
4,1927,1950,520,520,1,1,11.134603622683905,TA,TA,Fa
4,1920,1950,649,1317,1,1,10.596659732783579,TA,TA,TA
5,1966,2006,1228,1228,1,1,11.914054519303125,TA,TA,Gd
8,2007,2007,1234,1234,2,2,12.100161978566867,Gd,Ex,Gd
5,1959,1959,1398,1700,1,2,12.016732516077072,TA,TA,Gd
9,2005,2005,1561,1561,2,2,12.533579815765737,Ex,Ex,Ex
8,2004,2005,1117,2452,3,3,12.6410997921206,Gd,Ex,Gd
5,1994,1995,1097,1097,1,2,11.884495917930655,TA,Gd,TA
5,1954,1990,1297,1297,1,2,11.938199736300925,TA,TA,TA
5,1953,2007,1057,1057,1,1,11.599112335481124,TA,TA,Gd
4,1955,1955,0,1152,2,0,11.314486721293981,TA,None,Fa
6,1965,1965,1088,1324,2,2,11.982935344196433,TA,TA,TA
5,1959,1959,1350,1328,1,1,12.04355959836804,TA,TA,TA
5,1983,1983,840,884,1,2,11.87757552297847,TA,Gd,Gd
5,1975,1980,938,938,1,1,11.777218637129327,TA,Gd,TA
5,1959,1959,1150,1150,1,1,11.856522261533737,TA,TA,TA
9,2005,2005,1752,1752,2,2,12.675766851909591,Ex,Ex,Ex
7,2003,2003,1434,2149,1,2,12.387089184491993,Gd,Ex,Gd
8,2006,2006,1656,1656,2,3,12.428019481065613,Gd,Gd,Gd
4,1920,2008,736,1452,2,0,11.635151947212842,TA,TA,TA
5,1966,1966,955,955,1,1,11.751950239425476,TA,TA,TA
6,1997,1997,794,1470,2,2,12.083910661257521,TA,Gd,TA
6,1934,1950,816,1176,1,2,11.648338835562747,TA,TA,TA
5,1963,1963,816,816,1,2,11.608244735642321,Fa,Gd,TA
9,1981,1987,1842,1842,0,3,12.861001210669146,Gd,Ex,Gd
5,1955,1955,384,1360,1,2,11.775297421715827,TA,TA,TA
6,1964,1964,1425,1425,2,2,12.103491596905931,TA,TA,TA
8,1999,2000,970,1739,2,2,12.058158312538197,Gd,Gd,Gd
7,2004,2004,860,1720,2,2,12.188422799337028,Gd,Gd,Gd
10,2006,2006,1410,2945,3,3,12.991755706536901,Ex,Ex,Gd
5,1972,1972,780,780,1,1,11.735276702486741,TA,TA,TA
6,2004,2004,1158,1158,1,2,11.970356641102999,TA,Gd,Gd
5,1920,1996,530,1111,1,1,11.522885696764481,TA,TA,Fa
8,2006,2006,1370,1370,2,2,12.218500103788143,Gd,Gd,Gd
7,1921,1950,576,1710,2,2,11.849404844423074,TA,TA,TA
7,1997,1998,1057,2034,2,2,12.299112067295642,TA,Gd,Gd
8,2004,2005,1143,2473,2,3,12.666660207428574,Gd,Ex,Gd
7,1970,1989,1947,2207,2,2,12.100717685412471,TA,Gd,TA
7,2003,2003,1453,1479,2,2,12.328294703023394,Gd,Gd,Gd
4,1945,1950,747,747,1,1,11.289794413577894,TA,TA,TA
7,1953,1953,1304,2287,2,2,12.323860125621126,Gd,TA,TA
7,1973,1973,2223,2223,2,2,12.404927602627597,TA,Gd,TA
4,1982,2006,845,845,1,2,11.771443882099637,TA,TA,TA
7,1998,1998,832,1718,2,2,12.128116509451258,TA,Gd,TA
5,1954,2003,1086,1086,1,2,11.88380602959621,TA,TA,TA
3,1915,1950,840,1605,2,1,11.58432477200052,Gd,Fa,TA
4,1973,1973,462,988,1,1,11.418625774449596,TA,Gd,TA
4,1956,1956,952,952,1,1,11.818577604251555,TA,TA,TA
5,1948,2001,672,1285,1,1,11.751950239425476,TA,TA,TA
4,1968,1968,1768,1768,2,0,11.824087219587643,TA,TA,TA
5,1910,1981,440,1230,1,2,11.608244735642321,TA,TA,TA
6,1968,1968,896,2142,2,1,12.173037959397275,TA,Gd,Gd
6,1998,1998,1237,1337,2,2,11.941462360646149,TA,Ex,TA
8,2007,2007,1563,1563,2,3,12.409017571151187,TA,Gd,Gd
5,1960,1960,1065,1065,1,2,11.748005492256807,TA,TA,TA
7,1995,1996,384,1474,2,2,12.034696963475044,TA,Gd,TA
8,1991,1992,1288,2417,2,2,12.468440756144114,Gd,Gd,Gd
6,2005,2005,684,1560,2,2,12.066816325306588,Gd,Gd,Gd
6,2009,2009,612,1224,2,2,12.010671928196443,Gd,Gd,Gd
3,1915,1982,1013,1526,1,0,11.350418300109132,Fa,TA,Fa
4,1994,1995,990,990,1,0,11.724813914587886,TA,Gd,TA
4,1950,1950,0,1040,1,2,11.60733523953139,TA,None,TA
5,1961,1961,1235,1235,1,2,11.498836682527127,TA,TA,TA
5,1921,2006,876,964,1,2,12.004574385508691,TA,Gd,TA
6,1910,1998,1214,2291,2,2,11.804855999911272,TA,TA,TA
6,1997,1997,824,1786,2,2,12.229549885708273,TA,Gd,Gd
6,1993,1993,680,1470,2,2,12.128116509451258,Ex,Gd,TA
7,1999,1999,1588,1588,2,2,12.273735966890268,Gd,Gd,Gd
4,1965,1965,960,960,1,1,11.459007676978688,TA,TA,TA
5,1920,1950,458,835,1,1,11.326607934898927,TA,TA,TA
4,1959,1959,950,1225,1,0,11.767187766223199,TA,TA,TA
6,1977,2001,1610,1610,2,2,12.230770136157428,TA,TA,Gd
6,1985,1985,741,1732,2,2,12.08954444723597,Gd,Gd,Gd
5,1979,1979,0,1535,2,2,11.68658461118553,TA,None,TA
7,2009,2009,1226,1226,2,3,12.200562492481511,TA,Gd,Gd
7,1931,1950,1040,1818,1,1,12.040614105490253,TA,TA,TA
8,2003,2004,1053,1992,2,2,12.429220196836383,Gd,Ex,Gd
4,1885,1995,641,1047,1,1,11.51293546492023,TA,Fa,TA
5,1948,1950,789,789,1,1,11.652696102959753,TA,TA,TA
5,1919,2005,793,1517,2,0,11.652696102959753,TA,TA,Fa
6,1977,1977,1844,1844,2,2,12.154784614286667,TA,Gd,TA
6,1954,1972,994,1855,2,1,11.827013315851762,TA,TA,TA
7,2000,2000,384,1430,2,2,12.100717685412471,TA,Gd,TA
7,2007,2007,1264,2696,2,3,12.85832230788469,Gd,Ex,Ex
6,1953,1953,1809,2259,2,2,12.28765724080691,TA,Gd,Gd
6,1945,2002,1028,2320,2,1,12.466515835145202,TA,TA,Gd
6,1999,1999,729,1458,2,2,12.07824495582233,TA,Gd,TA
5,1962,1962,1092,1092,1,1,11.842236406331555,TA,TA,TA
5,2006,2007,1125,1125,1,2,11.951186847493476,TA,Gd,TA
7,1990,1990,1673,3222,3,3,12.676079399771027,TA,Gd,Gd
6,2005,2006,728,1456,2,2,12.0075668272517,Gd,Gd,Gd
6,1969,1969,938,988,1,2,12.100717685412471,TA,TA,TA
4,1939,1950,732,1123,1,1,11.51293546492023,TA,TA,TA
6,1958,1958,1080,1080,1,1,11.820417517632333,TA,TA,TA
6,1993,1993,1199,1199,2,2,11.944064817531656,Gd,Gd,Gd
6,1979,1998,1362,1586,2,2,12.10625783509458,TA,Gd,TA
6,1935,1982,520,754,1,0,11.344518647594766,TA,TA,TA
6,1976,1976,1078,958,2,2,11.759793355371237,TA,Gd,TA
5,1930,1950,672,840,1,0,11.373674891823535,TA,TA,TA
6,1966,1966,660,1348,1,2,11.951186847493476,TA,TA,TA
5,1958,1991,1008,1053,1,2,11.918397239722838,TA,TA,Ex
7,1966,1966,924,2157,2,2,12.328294703023394,TA,TA,Gd
6,2000,2000,992,2054,2,2,12.404927602627597,Gd,Gd,Gd
5,1959,2002,1063,1327,1,2,11.923384748066601,TA,TA,Gd
8,2001,2002,1267,1296,2,2,12.301387370778713,Gd,Ex,Gd
5,1968,1993,1461,1721,2,2,12.100717685412471,TA,TA,TA
7,1970,1970,1304,1682,2,2,12.066816325306588,TA,TA,TA
5,1967,1967,1214,1214,2,1,11.870606902224587,TA,TA,TA
7,1988,1989,1907,1959,3,3,12.049424683420915,TA,TA,TA
8,1999,2000,1004,1852,2,3,12.345838935721968,Gd,Gd,Gd
6,1997,1997,928,1764,2,2,12.352339472153524,TA,Gd,Gd
4,1971,1971,864,864,1,0,11.652696102959753,TA,TA,TA
7,2005,2005,1734,1734,2,2,12.468440756144114,Gd,Gd,Gd
5,1952,1952,910,1385,2,2,12.019749091416921,TA,TA,TA
7,1999,1999,1490,1501,2,2,12.225880174775122,Gd,Gd,Gd
5,1963,1963,1728,1728,2,2,11.736077016252437,TA,TA,TA
6,2004,2006,970,1709,2,2,11.775297421715827,Gd,Gd,Gd
5,1931,1993,715,875,1,1,11.561725152903833,TA,TA,TA
7,2001,2001,884,2035,2,2,12.312686874960354,Gd,Gd,Gd
7,2004,2005,1080,1080,1,0,11.856522261533737,TA,Gd,Gd
5,1936,1950,896,1344,1,1,11.652696102959753,TA,Gd,TA
5,1975,1975,969,969,1,2,11.711784520403112,TA,TA,TA
8,2007,2008,1710,1710,2,3,12.827731880206521,Gd,Ex,Gd
6,1971,1971,825,1993,2,2,12.154784614286667,TA,TA,TA
6,1960,1975,1602,1252,1,2,12.367345048436391,TA,Gd,TA
6,1923,1950,1200,1200,1,1,11.736077016252437,TA,TA,TA
6,1924,1950,572,1096,1,0,11.277215789596893,TA,TA,TA
5,1950,1950,0,1040,1,2,11.603688960617083,TA,None,TA
8,2009,2010,774,1968,2,3,12.504327379899443,Gd,Ex,Ex
7,2004,2005,991,1947,2,2,12.448630513463613,Gd,Gd,Gd
7,2005,2006,1392,2462,2,2,12.676079399771027,Gd,Gd,Gd
6,1984,1984,1232,1232,2,2,11.998439434579149,TA,Gd,TA
9,2003,2004,1572,2668,2,3,12.929993908996359,Gd,Ex,Ex
7,2005,2005,1541,1541,2,2,12.301387370778713,Gd,Gd,Gd
4,1956,1956,882,882,1,0,11.544433821905134,TA,TA,TA
6,1926,2004,1149,1616,2,1,11.931642378754141,TA,TA,Gd
5,1940,1999,644,1355,2,0,11.755879486687116,TA,TA,TA
5,1955,1993,1617,1867,1,1,12.154784614286667,Gd,TA,TA
8,2007,2007,1582,2161,1,3,12.693501691489768,Gd,Ex,Ex
7,2004,2004,840,1720,2,2,12.119975396053194,Gd,Gd,Gd
8,1981,1981,1686,1707,2,2,12.337105293891872,Gd,Gd,TA
5,1941,1950,720,1382,1,2,11.763691965388299,TA,TA,TA
6,1960,1960,1080,1656,1,2,12.278397958261774,TA,TA,TA
7,1987,1987,1064,1767,2,2,12.384223015005313,Gd,Gd,Gd
6,1961,1961,1362,1362,1,2,12.001511614739405,TA,TA,TA
6,1986,1986,1606,1651,2,2,12.122696471358964,TA,Gd,TA
6,1950,2001,1202,2158,2,2,12.400820837540556,TA,TA,Gd
6,1988,1989,1151,2060,2,2,12.259618151783465,Gd,Gd,TA
5,1958,1958,1052,1920,2,2,12.058158312538197,Gd,TA,Gd
9,2008,2009,2216,2234,2,3,13.126032637428713,Ex,Ex,Ex
5,1923,2006,968,968,1,2,11.51293546492023,Gd,TA,TA
6,2000,2000,756,1525,2,2,12.083910661257521,Gd,Gd,Gd
7,1920,1950,793,1802,1,1,12.206577518060588,TA,Fa,TA
5,1957,2006,0,1340,1,1,11.695255355062795,TA,None,TA
7,2003,2003,1362,2082,2,2,12.206077645517674,TA,Gd,Gd
5,1908,1991,504,1252,1,2,11.751950239425476,TA,Fa,TA
10,1892,1993,1107,3608,2,3,13.07107218827772,Gd,TA,Ex
7,1990,1991,1188,1217,2,2,12.06105265381003,TA,Gd,Gd
5,1916,1987,660,1656,2,1,11.813037464800539,TA,Fa,TA
5,1979,1979,1086,1224,0,2,11.940399914116648,TA,Gd,TA
8,2001,2002,1593,1593,1,2,12.563750586299374,Gd,Ex,Ex
8,1932,1994,853,2727,2,2,12.660331092405906,Gd,Gd,Gd
7,1972,2004,725,1479,1,2,12.122696471358964,TA,TA,Gd
7,1999,1999,1431,1431,2,2,12.165255859329688,Gd,Gd,Gd
7,2004,2004,970,1709,2,2,11.775297421715827,Gd,Gd,Gd
5,1972,1972,864,864,1,1,11.751950239425476,TA,TA,TA
6,1976,1976,855,1456,2,2,11.908346971208951,TA,Gd,TA
7,2007,2007,1726,1726,2,3,12.650351332641707,Ex,Ex,Ex
8,1918,1990,1360,3112,2,2,12.367345048436391,Gd,TA,Gd
6,1912,1950,755,2229,1,0,11.552155793461898,TA,TA,TA
8,2004,2005,1713,1713,2,3,12.524166311833152,Gd,Ex,Ex
4,2003,2004,1121,1121,2,2,11.849404844423074,TA,Gd,TA
6,1977,1977,1196,1279,2,2,12.052344376474922,TA,TA,TA
6,1924,1950,617,1310,2,1,11.626263078808801,TA,Fa,TA
6,2004,2004,848,848,1,2,11.91170829631447,Gd,Gd,Gd
5,1947,1950,720,1284,1,1,11.608244735642321,TA,TA,TA
7,1990,1990,1424,1442,2,2,12.103491596905931,TA,Gd,TA
5,1962,1962,1140,1696,1,1,11.87688084212164,TA,TA,TA
4,1960,1960,1100,1100,1,1,11.856522261533737,TA,TA,TA
7,1988,1989,1157,2062,2,2,12.531776395271262,Gd,Gd,TA
6,1964,1964,1092,1092,1,2,11.884495917930655,TA,Gd,TA
5,1925,1950,864,864,1,0,11.49273296168228,TA,TA,TA
6,2009,2009,1212,1212,2,2,12.133507329024972,TA,Gd,Gd
7,2009,2009,900,1852,2,2,12.439875187430008,TA,Gd,Gd
5,1995,1995,990,990,1,2,11.957617696467539,TA,Gd,TA
6,1977,1977,689,1392,1,1,11.993813394724253,TA,Gd,TA
5,1957,1996,1070,1236,1,1,11.808955099378537,TA,TA,Gd
7,2004,2004,1436,1436,2,2,12.25486757159303,Gd,Gd,Gd
4,1925,1950,686,1328,1,1,11.580593459194764,TA,TA,TA
7,1939,2006,798,1954,1,2,12.649157827477366,Gd,TA,Gd
7,2005,2006,1248,1248,2,2,12.027191164883384,Gd,Gd,Gd
7,2006,2006,1498,1498,2,2,12.230282214644559,Gd,Gd,Gd
6,2002,2002,1010,2267,2,2,12.206077645517674,Gd,Gd,Gd
6,1975,1975,713,1552,2,2,12.100161978566867,TA,Gd,TA
4,1971,1971,864,864,1,2,11.48247656671073,TA,TA,TA
10,2003,2003,2392,2392,2,3,12.864242696187505,Ex,Ex,Ex
5,1971,1971,630,1302,2,1,11.626263078808801,TA,TA,TA
7,1995,1995,1203,2520,2,3,12.577639650232573,Gd,Gd,Gd
6,1970,1970,483,987,1,1,11.571203807011969,TA,TA,TA
5,1967,1967,912,912,1,1,11.736077016252437,TA,TA,TA
7,2005,2006,1373,1555,2,2,12.167856627501678,Gd,Gd,Gd
6,1959,1959,1194,1194,1,1,11.904974309480183,TA,TA,TA
8,1995,1996,1462,2794,2,3,12.90669432231532,Gd,Gd,Ex
6,1972,1972,483,987,1,1,11.456365695436427,TA,TA,TA
5,1976,1976,894,894,1,1,11.761354623750297,TA,TA,TA
6,2002,2002,860,1960,2,2,12.285350445351659,Gd,Gd,Gd
6,1971,1971,483,987,1,1,11.402005077384885,TA,TA,TA
7,2004,2004,1414,1414,2,2,12.130815551850676,Gd,Gd,Gd
7,1993,2003,996,1744,2,2,12.178192583415596,Gd,Gd,Gd
8,2007,2007,1694,1694,2,3,12.669809806411457,Ex,Ex,Gd
6,1945,1950,735,1487,1,1,11.635151947212842,TA,TA,TA
8,2008,2008,1566,1566,2,2,12.47801017053037,Gd,Gd,Gd
5,1945,1997,686,866,1,0,11.612779849672751,TA,TA,Gd
5,1900,1950,540,1440,1,1,11.277215789596893,TA,TA,TA
6,1980,1980,626,1217,1,1,11.695255355062795,TA,Gd,TA
7,1994,2002,948,2110,2,2,12.230770136157428,Gd,Gd,Gd
7,1988,1988,1845,1872,2,2,12.394628892852941,TA,Gd,TA
6,1910,1950,1020,1928,2,1,11.827743504053695,TA,Fa,Fa
6,1954,1954,1367,1375,1,2,11.849404844423074,TA,TA,TA
7,2003,2003,840,1668,2,2,12.100717685412471,Gd,Gd,Gd
6,1958,2006,1444,2144,2,2,12.531776395271262,Gd,Gd,Gd
3,1940,1966,728,1306,1,0,11.245059091624615,TA,TA,Fa
8,2006,2007,1573,1625,2,2,12.367345048436391,Gd,Gd,Gd
6,2004,2004,798,1640,2,2,12.06105265381003,Gd,Gd,Gd
6,1964,1991,1302,1302,2,1,11.970356641102999,TA,Gd,Gd
5,1957,1957,1314,1314,1,1,11.884495917930655,TA,TA,TA
7,1999,1999,975,2291,2,2,12.345838935721968,Gd,Gd,Gd
6,2003,2003,864,1728,2,2,12.242891437918386,Gd,Gd,Gd
7,2006,2006,1604,1604,2,2,12.301387370778713,Gd,Gd,Gd
7,2001,2001,963,1792,2,2,12.352339472153524,Gd,Gd,Gd
5,1956,1956,0,882,1,1,11.48247656671073,TA,None,TA
6,1962,1962,1362,1382,1,2,12.07824495582233,TA,TA,TA
8,2007,2007,1482,2574,2,3,12.52815976788113,Gd,Ex,Ex
6,1977,1995,506,1212,1,2,11.92504173829169,TA,Gd,TA
5,1929,2001,926,1316,1,2,11.775297421715827,TA,TA,TA
5,1925,2004,680,764,1,2,11.19822841866684,TA,Fa,TA
6,1981,1981,1422,1422,2,2,12.075400019877522,TA,Gd,Gd
6,1997,1997,802,1511,2,2,12.128116509451258,TA,Gd,TA
5,1939,1997,720,2192,2,1,12.097936057925594,TA,TA,Gd
5,1940,1955,740,778,1,1,11.699413330633599,TA,TA,TA
6,1976,1976,1143,1113,1,1,11.904974309480183,TA,TA,TA
8,2006,2006,1095,1939,2,3,12.491255347155265,Gd,Gd,Gd
7,1954,2005,1385,1363,1,2,12.394628892852941,TA,Gd,TA
8,1999,2007,1152,2270,2,3,12.577639650232573,Gd,Gd,Gd
6,1958,1988,1240,1632,2,1,11.842236406331555,TA,TA,TA
5,1982,1982,816,816,1,1,11.732069026983156,TA,TA,TA
7,1925,2007,952,1548,2,2,12.230770136157428,Gd,TA,Ex
7,2003,2003,1560,1560,2,2,12.211065162153215,Gd,Ex,Gd
4,1951,1951,864,864,1,2,11.856522261533737,TA,TA,TA
9,2006,2007,2121,2121,2,3,12.936754021718041,Ex,Ex,Ex
7,1977,1977,1160,2022,2,2,12.165255859329688,TA,Gd,TA
7,1989,1989,807,1982,2,2,12.339295865674435,Gd,Gd,Gd
6,2006,2006,1262,1262,2,2,12.128116509451258,Gd,Gd,Gd
7,2007,2008,1314,1314,2,2,12.242891437918386,Gd,Gd,Gd
8,2008,2009,1468,1468,2,3,12.407383590534293,Gd,Gd,Gd
6,1992,1992,1575,1575,2,2,12.09626335986454,Gd,Gd,Gd
7,2006,2007,625,1250,2,2,12.011886987792716,Gd,Gd,Gd
6,1962,1981,912,1734,1,2,11.976665770490767,TA,TA,Gd
4,1971,1971,858,858,1,0,11.385103457032141,TA,TA,TA
5,1967,1967,882,900,1,1,11.711784520403112,TA,TA,TA
6,1915,2003,698,1396,1,1,11.941950837487406,TA,TA,TA
8,2006,2006,1079,1919,2,2,12.359784657728284,Gd,Gd,Gd
5,1912,2000,780,1716,2,0,11.819681958463892,TA,TA,Fa
5,1949,2008,768,1716,1,1,11.782960235741939,TA,TA,TA
7,1977,1994,795,2263,2,2,12.367345048436391,TA,TA,Gd
6,1953,1953,1416,1644,1,2,12.025755079404917,TA,TA,TA
6,1984,1984,1003,1003,1,2,11.86710429621008,TA,TA,TA
5,1950,1950,910,1558,1,1,11.931642378754141,TA,TA,TA
7,1997,1998,975,1950,2,2,12.384223015005313,Gd,Gd,Gd
6,1968,1968,702,1743,1,2,12.07254696717504,Gd,TA,TA
6,1950,2004,1092,1152,1,1,11.973516181427835,TA,TA,Gd
5,1953,1953,1165,1336,1,1,11.964007453736912,TA,TA,TA
8,1998,1999,1028,2452,2,2,12.495007682693725,Gd,Gd,Gd
7,2001,2002,1541,1541,2,3,12.230770136157428,Gd,Gd,Gd
5,1972,1972,894,894,1,2,11.917730355182513,TA,TA,TA
7,1880,2002,1470,3493,3,3,12.59473402514672,TA,TA,Gd
8,2004,2005,2000,2000,2,3,12.631016799175821,Gd,Gd,Gd
7,1990,1991,700,2243,2,3,12.323860125621126,Gd,Gd,Gd
6,1920,1950,319,1406,1,0,11.402005077384885,TA,TA,Fa
4,1940,1950,861,861,1,2,11.320565693461432,TA,TA,TA
9,2003,2004,1896,1944,2,3,12.793862088206213,Gd,Ex,Ex
6,1993,1994,697,1501,2,2,12.017336559562407,TA,Gd,Gd
6,1948,2002,972,972,1,1,11.790564777297387,TA,TA,TA
5,1939,1950,793,1118,1,2,11.694421681264394,TA,Gd,TA
7,1965,1965,2136,2036,2,2,12.834683971615659,TA,Gd,TA
7,1925,1990,728,1641,1,2,12.08954444723597,TA,TA,Ex
7,2004,2005,716,1432,2,2,12.146858590895919,Gd,Gd,Gd
7,1980,1980,845,2353,2,2,12.468440756144114,Gd,Gd,Ex
8,2006,2006,1088,1959,2,3,12.506180941677357,Gd,Gd,Gd
7,1993,1993,1347,2646,2,3,12.468440756144114,Gd,Gd,Gd
7,1980,1980,1372,1472,2,2,12.141539457711714,TA,Gd,TA
9,2006,2006,1249,2596,3,3,12.74444728628135,TA,Ex,Gd
8,2004,2004,1136,2468,2,3,12.777055016970678,Gd,Ex,Gd
7,1986,1987,1502,2730,2,2,12.614868865984631,Gd,TA,Gd
3,1955,2005,1162,1163,1,1,11.745433036677353,TA,TA,TA
7,1967,2007,710,2978,2,2,12.396697137361691,Gd,Gd,Gd
5,1941,1950,720,803,1,2,11.373674891823535,TA,TA,TA
8,1993,1993,1719,1719,1,2,12.688501881189456,Gd,Gd,Gd
6,1960,1960,1383,1383,1,1,11.886218559372042,TA,TA,TA
6,1916,1994,844,2134,2,2,12.276069679344003,TA,TA,Gd
5,1920,1950,596,1192,1,1,11.264476926102367,TA,TA,TA
5,1964,1964,1728,1728,2,1,11.686887175419702,TA,TA,TA
5,1958,1992,1056,1056,1,1,11.842236406331555,TA,TA,TA
8,2003,2004,3206,1629,2,3,12.556733038263905,Gd,Gd,Gd
7,2004,2004,1358,1358,2,2,12.240478903153711,Gd,Gd,Gd
6,1998,1998,943,1638,2,2,12.165255859329688,TA,Gd,TA
5,1965,1965,1499,1786,2,2,12.34126328584159,TA,TA,TA
9,2005,2006,1922,1922,2,3,12.841132451487937,Gd,Ex,Gd
7,2002,2003,1536,1536,2,2,12.273735966890268,Gd,Gd,Gd
7,1984,1998,1208,1621,2,2,12.218500103788143,Gd,Gd,Gd
6,1958,1998,1215,1215,1,1,11.951186847493476,TA,TA,TA
8,2002,2002,967,1908,2,2,12.220473454337986,Gd,Gd,Gd
4,1950,1950,721,841,1,1,11.314486721293981,Fa,TA,TA
3,1949,1950,0,1040,2,2,11.37940550085183,TA,None,TA
9,2005,2005,1684,1684,2,2,12.491255347155265,Ex,Ex,Ex
5,1976,1976,536,1112,1,1,11.350418300109132,TA,Gd,TA
6,1939,1950,972,1577,1,1,11.850832386224807,TA,TA,Fa
6,1960,1998,958,958,1,1,11.928347504569842,TA,TA,TA
6,1960,1960,1478,1478,2,2,11.967187086434018,TA,TA,TA
7,2003,2004,764,1626,2,2,11.944714374881176,Gd,Gd,Gd
9,2005,2006,1848,2728,2,3,12.988043102265232,Ex,Ex,Ex
9,2007,2007,1869,1869,2,2,12.670001611311875,Ex,Ex,Ex
7,1986,1986,1453,1453,1,2,12.154784614286667,TA,Gd,Gd
5,1941,1950,616,1111,1,1,11.461642696843066,TA,TA,TA
6,1928,2003,624,720,1,2,11.570259974415547,TA,TA,TA
6,1940,2000,940,1595,1,1,11.849404844423074,TA,TA,TA
6,1995,1995,1200,1200,2,2,12.086731521684555,Gd,Gd,Gd
6,1992,1992,1158,1167,2,2,12.06105265381003,TA,Gd,Gd
5,1976,1976,1142,1142,1,2,11.80560254159177,TA,Gd,TA
5,1958,1958,1062,1352,1,1,11.775297421715827,TA,TA,Gd
8,1998,1998,1086,1924,2,2,12.54254845357358,Gd,Gd,Gd
6,1978,1978,888,912,1,2,11.957617696467539,TA,Gd,TA
5,1940,1982,883,1505,1,1,11.884495917930655,TA,TA,TA
7,2003,2003,0,1922,3,2,12.198549416880068,Gd,None,Gd
6,1972,2007,483,987,1,1,11.678448377988165,TA,TA,Gd
6,1976,1976,796,1574,2,2,12.154784614286667,TA,Gd,TA
5,1920,1997,672,1344,1,1,11.898194668458823,TA,TA,TA
6,1963,1963,1394,1394,1,2,11.976665770490767,TA,Gd,TA
6,1962,1962,1099,1431,1,1,12.013706813470414,TA,Gd,TA
5,1954,1954,1268,1268,1,1,11.790564777297387,TA,TA,TA
5,1959,2006,1063,1287,1,2,11.995357787034976,TA,TA,Gd
6,2000,2000,953,1664,2,2,12.057578437658945,TA,Gd,TA
4,1959,1959,0,1588,2,2,11.808821212646512,TA,None,TA
6,1984,1984,744,752,1,1,11.736077016252437,TA,Gd,TA
5,1953,1953,608,1319,1,1,11.719947764402807,TA,TA,TA
7,2003,2004,847,1928,2,2,12.299112067295642,Gd,Gd,Gd
1,1922,1950,683,904,0,0,11.0186455364637,Fa,Fa,Fa
5,1996,1996,870,914,1,2,11.904974309480183,Gd,Gd,TA
8,2004,2005,1580,2466,3,2,12.73670383776449,Gd,Gd,Gd
9,2010,2010,1856,1856,1,3,12.885204569609956,Gd,Ex,Ex
6,2000,2000,982,1800,2,2,12.095146671399466,TA,Gd,TA
5,1924,1950,1026,1691,2,1,11.751950239425476,TA,TA,Gd
7,2006,2006,1293,1301,2,2,12.142871895843887,Gd,Gd,Gd
7,2006,2006,939,1797,2,2,12.271396795480596,Gd,Gd,Gd
6,1928,1950,784,784,1,2,11.23850177707664,TA,Fa,TA
6,1992,1992,1580,1953,2,2,12.388398368982115,Gd,Gd,Gd
8,2004,2005,1256,1269,2,2,12.165255859329688,Gd,Gd,Gd
5,1910,1996,658,1184,1,0,11.302216779257382,TA,TA,TA
6,1976,1976,1041,1125,1,1,11.736077016252437,TA,TA,TA
7,1999,2000,1468,1479,2,2,12.160033942617156,Gd,Gd,Gd
10,2007,2008,1682,2332,2,3,12.962196972666593,Ex,Ex,Ex
5,1900,1950,861,1367,1,1,11.686887175419702,TA,TA,TA
6,2001,2002,804,1961,2,2,12.278397958261774,TA,Ex,Gd
5,1959,1959,0,882,1,1,11.575909653758895,TA,None,TA
4,1941,1950,788,788,1,0,11.51293546492023,TA,TA,TA
5,1940,1950,735,1034,1,1,11.599112335481124,TA,TA,TA
5,1956,1956,1144,1144,1,1,11.767575435251748,TA,TA,TA
5,1972,1972,894,894,1,2,11.719947764402807,TA,TA,TA
5,1962,1962,864,1812,2,1,12.040614105490253,TA,TA,TA
5,1920,1950,961,1077,1,1,11.112462823634855,TA,Fa,TA
7,2006,2007,1092,1550,2,2,12.392556361841777,Gd,Gd,Gd
8,1996,1996,1260,1288,1,2,12.411056299528171,Gd,Gd,Ex
7,2005,2005,1310,1310,2,2,12.013646205940514,Gd,Gd,Gd
5,1940,1997,672,672,1,1,11.58989576532275,TA,TA,TA
8,1998,1998,1141,2263,2,2,12.460718739865236,Gd,Gd,Gd
6,1995,1996,806,1572,2,2,12.031725210748633,TA,Gd,TA
4,1976,1993,1281,1620,2,2,11.918397239722838,TA,TA,TA
6,1936,1950,1064,1639,1,1,11.652696102959753,TA,TA,TA
6,1915,1976,840,1680,2,1,12.083910661257521,TA,Gd,TA
7,2006,2006,1063,2172,2,3,12.54254845357358,Gd,Ex,Gd
8,2007,2008,1034,2078,2,3,12.73596827534975,Gd,Ex,Ex
5,1958,1958,1276,1276,1,1,11.002116507732017,TA,TA,TA
5,1955,1955,1056,1056,1,2,11.884495917930655,TA,TA,TA
7,2009,2009,1470,1478,2,2,12.310437165348775,Ex,Ex,Gd
5,1927,1950,1008,1028,1,2,11.652696102959753,TA,TA,TA
7,1993,1993,1080,2097,2,3,12.337105293891872,Gd,Gd,Gd
7,2007,2007,1340,1340,2,2,12.106997888588934,Gd,Gd,Gd
6,1978,1978,672,1400,1,2,11.915058360753719,TA,TA,TA
6,1918,1950,1370,2624,2,3,12.384223015005313,TA,Gd,TA
5,1940,1950,756,1134,1,1,11.744045122410057,TA,TA,TA
5,1968,1968,1056,1056,1,1,11.863589378812122,TA,TA,TA
7,1997,1998,1344,1344,2,4,12.237091546357338,TA,Gd,TA
6,1977,2000,1602,1602,2,2,12.278397958261774,Gd,Gd,Gd
5,1954,1954,988,988,1,2,11.635151947212842,TA,TA,TA
8,1998,1998,1470,2630,2,3,12.660331092405906,Gd,Gd,Gd
6,1956,1956,1196,1196,1,1,11.842236406331555,TA,Gd,TA
7,1946,1992,651,1389,1,1,11.813037464800539,TA,TA,TA
7,1989,1989,1518,1644,2,2,12.524530013005734,Gd,Gd,Gd
4,1957,1957,907,907,1,1,11.599185726610004,TA,TA,TA
7,2007,2007,1208,1208,2,2,12.182809136284991,Gd,Gd,Gd
6,1988,1988,1392,1412,2,2,12.07254696717504,TA,Gd,Gd
6,1971,1971,483,987,1,1,11.355113089309977,TA,TA,TA
6,1920,1998,901,1198,1,0,11.288543647320601,TA,TA,TA
5,1971,1971,765,1365,1,2,11.715874472198905,TA,TA,TA
6,1997,1998,926,1604,2,2,12.10625783509458,TA,Gd,TA
4,1972,1972,630,630,1,0,11.302216779257382,TA,Gd,TA
7,1996,1996,799,1661,2,2,12.264346270624157,Gd,Gd,Gd
6,1920,1950,648,1118,1,2,11.661354090741,TA,Fa,TA
6,1926,2004,884,904,1,1,11.686887175419702,Gd,TA,TA
5,1913,2002,440,694,1,1,11.411457364027745,TA,TA,Gd
6,1920,2000,684,1196,1,2,11.608244735642321,TA,TA,Gd
10,2008,2008,3094,2402,2,3,13.22672519452875,Ex,Ex,Ex
4,1955,1955,1440,1440,2,0,11.678448377988165,TA,TA,Fa
5,1930,1992,1078,1573,2,2,12.000897933306716,TA,TA,TA
7,2006,2007,1258,1258,2,3,12.058158312538197,Gd,Ex,Gd
7,1994,1995,915,1908,2,2,12.25486757159303,Gd,Gd,Gd
6,1956,1956,1436,1689,1,2,11.755879486687116,TA,TA,TA
6,1966,2002,1517,1888,2,2,12.154784614286667,Gd,TA,Gd
7,1998,1999,930,1886,2,2,12.20557752297723,Gd,Gd,Gd
6,1937,1950,780,1376,2,1,11.691080018519527,TA,TA,TA
3,1948,2002,649,1183,1,1,11.695255355062795,TA,TA,TA
6,1930,2005,813,813,1,1,11.608244735642321,TA,TA,Gd
7,1975,1975,1533,1533,2,2,12.54254845357358,TA,Gd,Gd
6,1996,1997,872,1756,2,2,12.225880174775122,Gd,Ex,TA
8,2008,2008,768,1590,2,2,12.25486757159303,Gd,Gd,Gd
5,1976,1976,1728,1728,2,2,12.144202560946876,TA,TA,TA
7,1973,1973,1242,1242,1,2,12.075400019877522,TA,TA,TA
5,1916,1950,624,1344,1,3,11.49273296168228,TA,TA,TA
4,1954,1994,1364,1663,1,2,12.45293662970407,TA,Gd,Gd
8,1925,1996,588,1666,1,1,11.989165855127435,TA,TA,Gd
5,1950,1950,709,1203,1,1,11.608244735642321,TA,TA,Gd
8,2009,2009,832,1935,2,2,12.481565733211923,Gd,Gd,TA
7,1936,2007,560,1135,1,2,11.951186847493476,Gd,Gd,Gd
5,1965,1965,864,864,1,1,11.04106411122238,TA,TA,TA
6,1934,1995,715,1660,1,1,12.147919030759663,TA,TA,TA
5,1978,1978,1040,1040,2,0,11.728044909070785,TA,Gd,TA
7,2004,2004,1375,1414,2,2,12.093693109638318,Gd,Gd,Gd
7,1970,1970,1277,1277,1,2,12.025755079404917,TA,TA,TA
5,1942,1995,728,1644,1,1,11.89478753335453,TA,TA,Gd
8,2006,2006,1626,1634,2,3,12.429220196836383,Gd,Gd,Gd
6,1993,1993,832,1710,2,2,12.138869243416009,Gd,Gd,Gd
8,1985,1985,1488,1502,1,2,12.264346270624157,Gd,Gd,Gd
7,1977,1977,808,1969,2,2,12.154784614286667,TA,Gd,TA
6,2005,2005,547,1072,1,2,11.904974309480183,TA,Gd,TA
8,2006,2007,1976,1976,2,3,12.994532278619134,Gd,Ex,Gd
8,2000,2000,1494,1652,2,2,12.433212202169729,Gd,Gd,Ex
5,1963,1963,970,970,1,2,11.794345471549745,TA,TA,TA
6,1997,1998,1478,1493,2,2,12.249615734512616,TA,Gd,Gd
9,2006,2006,2153,2643,2,3,12.847929163278053,Ex,Gd,Ex
8,2007,2008,1705,1718,2,3,12.601490784782536,Gd,Ex,Gd
4,1937,2000,907,1131,1,2,11.401681006153428,TA,Fa,TA
9,2004,2005,1833,1850,2,3,12.694655727828803,Gd,Ex,Gd
9,2003,2004,1792,1792,2,3,12.832013750189885,Gd,Ex,Ex
7,1915,2005,910,1826,1,1,11.951186847493476,Gd,TA,Ex
6,1998,1998,1216,1216,2,2,12.00762780434872,TA,Ex,TA
5,1962,2001,999,999,1,1,11.794345471549745,TA,TA,Gd
5,1950,2007,1113,1113,1,1,11.898194668458823,Gd,TA,Gd
5,1965,1965,1073,1073,1,2,11.957617696467539,TA,TA,TA
5,1971,1971,1484,1484,2,2,12.07254696717504,TA,Gd,TA
5,1900,1970,954,2414,2,2,11.982935344196433,TA,TA,TA
4,1970,2002,630,630,1,1,11.362114203075018,TA,Gd,Gd
5,1976,1976,264,1304,1,1,11.652696102959753,TA,Gd,TA
6,1941,1950,806,1578,1,1,11.798111925972618,TA,TA,Fa
6,2006,2006,728,1456,2,2,12.059809113551397,Gd,Gd,TA
5,1960,1960,1269,1269,1,1,11.951186847493476,TA,TA,TA
5,1938,1996,190,886,1,1,11.421917019425596,TA,Fa,TA
4,1920,1950,720,720,1,0,10.460270761075149,TA,TA,TA
8,1992,1993,3200,3228,3,2,12.971542813248437,Gd,Gd,Gd
7,1925,1950,1026,1820,2,1,12.122696471358964,TA,TA,TA
5,1967,2004,864,899,1,1,11.775297421715827,TA,TA,Gd
5,1958,1985,912,912,1,1,11.695255355062795,TA,TA,TA
6,1973,1973,672,1218,1,1,11.635151947212842,TA,TA,TA
7,2005,2005,866,1768,2,2,12.331387247601905,Gd,Gd,Gd
5,1965,1965,1214,1214,1,2,11.849404844423074,TA,TA,TA
7,1959,1997,1501,1801,2,2,12.574185427296195,TA,TA,TA
6,1974,1974,855,1322,2,2,11.898194668458823,TA,TA,TA
5,1952,1952,960,1960,2,2,11.732069026983156,TA,TA,TA
8,1993,1994,777,1911,2,2,12.278397958261774,Gd,Gd,Gd
6,2009,2009,1218,1218,2,2,12.246739428005663,Gd,Gd,Gd
7,1928,2005,689,1378,2,2,11.989165855127435,TA,TA,Gd
5,1959,1959,1041,1041,1,1,11.732069026983156,TA,TA,TA
5,1951,2000,1008,1363,1,1,12.013100572810686,Gd,TA,TA
7,2005,2006,1368,1368,2,2,12.2193145828011,Gd,Gd,Gd
5,1958,1958,864,864,1,2,11.774527900858468,TA,TA,TA
6,1983,1983,1084,1080,1,2,11.80560254159177,TA,TA,TA
5,1926,1950,768,789,1,1,11.477308649967686,TA,TA,TA
10,2009,2009,2006,2020,2,3,12.90634935052389,Ex,Ex,Ex
6,1972,1972,689,2119,2,2,11.970356641102999,TA,TA,TA
7,1996,1997,1264,2344,2,3,12.487488878546145,Gd,Gd,Gd
6,1998,1998,794,1796,2,2,12.259618151783465,TA,Gd,TA
7,1926,2004,1276,2080,1,1,12.36308066783498,Gd,Gd,Gd
4,1900,2000,0,1294,2,0,11.573559498507079,TA,None,TA
6,1957,1957,1244,1244,1,1,11.918397239722838,TA,TA,TA
6,1947,1950,1004,1664,2,2,11.976665770490767,TA,TA,TA
10,2007,2008,3138,4676,3,3,12.126764251515691,Ex,Ex,Ex
7,1996,1997,1379,2398,2,3,12.662709207270272,Gd,Gd,Gd
7,2005,2005,1257,1266,2,2,12.07824495582233,Gd,Gd,Gd
5,1956,2000,928,928,1,1,11.790564777297387,TA,Gd,TA
9,2008,2008,1452,2713,2,3,13.008661502470739,Ex,Ex,Ex
4,1920,2002,528,605,1,0,11.362114203075018,TA,TA,TA
6,1957,1975,2035,2515,3,2,12.209192772866418,Gd,TA,TA
6,1988,1989,1461,1509,2,2,12.07254696717504,Gd,Gd,Gd
6,1920,1999,611,1362,2,2,11.759793355371237,TA,Fa,TA
5,1955,2007,0,827,1,1,11.58525542883217,TA,None,TA
1,1946,1950,0,334,1,0,10.579005242826247,Fa,None,Fa
8,2004,2004,707,1414,2,2,12.08954444723597,Gd,Ex,Gd
5,1910,1991,1117,1347,1,0,11.58525542883217,TA,Gd,TA
7,1998,1999,880,1724,2,2,12.144202560946876,TA,Gd,Gd
4,1972,1972,864,864,1,2,11.619544188752133,TA,TA,TA
5,1968,1968,1051,1159,1,1,11.970356641102999,TA,TA,TA
8,2001,2002,1581,1601,2,2,12.513561021741964,Gd,Gd,Gd
9,2006,2006,1838,1838,2,3,12.660331092405906,Ex,Ex,Ex
8,2000,2000,969,2285,2,3,12.421188057397055,Gd,Gd,Gd
7,1998,1999,1650,1680,2,2,12.270225154674701,Gd,Ex,Gd
7,1998,1998,723,767,1,1,11.798111925972618,TA,Gd,TA
7,2006,2006,654,1496,2,2,12.098854850641,Gd,Gd,Gd
7,1988,1988,1204,2183,2,3,12.34148164933907,Gd,Gd,Gd
6,1923,1950,1065,1635,1,2,12.25486757159303,TA,Gd,TA
5,1970,1970,768,768,1,2,11.771443882099637,TA,Gd,TA
5,1955,1995,825,825,1,2,11.736077016252437,TA,TA,TA
7,2003,2004,912,2094,2,2,12.479913113434042,Gd,Gd,Gd
6,1977,1977,1069,1069,2,2,11.849404844423074,TA,Gd,TA
5,1957,1957,928,928,1,1,11.630717389475995,TA,TA,TA
8,2006,2006,1709,1717,2,3,12.450981602512561,Gd,Ex,Gd
4,1949,2003,0,1126,2,2,11.58989576532275,TA,None,Gd
7,2003,2004,998,2046,2,3,12.556733038263905,Gd,Gd,Gd
5,1922,1950,993,1048,1,1,11.635151947212842,TA,TA,TA
5,1957,1957,1092,1092,1,1,11.856522261533737,TA,TA,TA
4,1920,1950,637,1336,1,1,11.58989576532275,TA,TA,TA
7,1996,1997,729,1446,2,2,12.07254696717504,TA,Gd,TA
7,2003,2004,1374,1557,2,2,12.36308066783498,Gd,Gd,Gd
5,1957,1996,1392,1392,1,2,11.707677772181546,TA,Gd,TA
5,1974,1975,1389,1389,1,2,12.04355959836804,TA,Gd,TA
5,1940,1969,996,996,1,0,11.58989576532275,TA,TA,TA
6,1918,1950,1163,1674,2,2,12.128116509451258,TA,Gd,TA
7,1992,2000,1095,2295,2,2,12.498745990829315,Gd,Gd,Gd
6,1915,1950,806,1647,1,1,11.759793355371237,TA,Gd,Fa
9,2005,2007,1122,2504,2,3,12.691583538230217,Gd,Gd,Ex
7,2004,2004,1517,1535,2,2,12.273735966890268,Gd,Gd,Gd
8,1983,2009,1496,2132,1,2,12.665397584983758,Gd,Gd,Gd
5,1979,1979,943,943,1,2,11.820123358887447,TA,Gd,TA
5,1965,1965,1728,1728,2,2,11.867805799560465,TA,TA,TA
6,1959,1959,864,864,1,1,11.695255355062795,TA,TA,Gd
7,2009,2009,846,1692,2,2,12.32163544049751,TA,Ex,Gd
7,2000,2000,384,1430,2,2,12.04355959836804,TA,Gd,TA
5,1971,2005,372,1109,1,1,11.842236406331555,TA,TA,TA
5,1947,1950,832,1216,1,1,11.682676678340282,TA,TA,TA
7,1928,1950,861,1477,2,1,11.884495917930655,TA,TA,TA
5,1966,1966,1164,1320,1,2,12.010671928196443,TA,TA,TA
7,2007,2007,689,1392,2,2,11.891368749982085,Gd,Gd,Gd
5,1954,1954,1050,1795,2,1,11.78676973513378,TA,TA,TA
6,1960,1987,1144,1429,1,2,12.111217862017215,TA,TA,Gd
8,2008,2009,2042,2042,2,3,12.442306148381938,Ex,Ex,Ex
6,1990,1990,816,816,1,0,11.682676678340282,TA,Gd,TA
10,1893,2000,1237,2775,3,2,12.691583538230217,Ex,TA,Gd
4,1935,1995,884,1573,1,1,11.798111925972618,TA,TA,Gd
8,2005,2006,1868,2028,2,3,12.820990681250251,Gd,Ex,Gd
6,1918,2000,816,838,1,1,11.775297421715827,TA,TA,Fa
5,1982,1982,840,860,1,2,11.827743504053695,TA,TA,TA
5,1968,2003,1437,1473,1,1,11.870606902224587,TA,TA,Ex
5,1930,1960,742,935,1,1,11.283524879179666,TA,TA,TA
7,2004,2004,770,1582,2,2,12.132969552931216,Gd,Gd,Gd
10,2008,2008,1722,2296,2,3,13.02132904585825,Ex,Ex,Ex
5,1982,2003,816,816,1,2,11.835016210489899,TA,TA,TA
6,2003,2003,848,848,1,2,11.849404844423074,Gd,Gd,Gd
5,1975,1975,924,924,1,1,11.608244735642321,TA,Gd,TA
8,2005,2006,1814,1826,2,3,12.672949516558306,Gd,Gd,Gd
6,1910,1993,684,1368,1,1,11.648373769145277,TA,TA,TA
7,2006,2007,1258,1402,0,3,12.176654133447505,Gd,Ex,Gd
5,1977,1977,1430,1647,2,2,12.289958727201455,TA,Gd,Gd
6,1980,1980,716,1556,2,2,11.92504173829169,TA,Gd,TA
8,2005,2005,1058,1904,2,2,12.524530013005734,Gd,Gd,Ex
6,1937,1950,780,1375,1,1,11.856522261533737,TA,TA,Gd
8,1992,1992,908,1915,2,2,12.301387370778713,Gd,Gd,Gd
7,2004,2005,600,1200,2,2,11.92504173829169,Gd,Gd,Gd
7,2002,2002,1494,1494,2,2,12.30592250537653,Gd,Gd,Gd
7,1965,1990,768,1986,2,2,12.230770136157428,TA,TA,TA
5,1996,1996,1040,1040,1,2,11.931642378754141,TA,Gd,Gd
5,1948,2002,896,2008,3,1,12.323860125621126,TA,TA,Ex
8,1934,1998,965,3194,2,2,12.791358964949923,TA,Gd,TA
4,1961,1961,1029,1029,1,1,11.682676678340282,TA,TA,TA
9,2000,2000,1440,2153,2,3,12.653961664405365,Gd,Ex,Ex
6,1978,1978,1032,1032,2,2,11.904974309480183,TA,Gd,TA
8,2001,2001,1299,1872,2,2,12.474193386571581,Gd,Gd,Ex
5,2007,2007,1120,1120,1,0,11.898194668458823,TA,Gd,TA
4,1972,1972,630,630,1,0,11.231901180182515,TA,Gd,TA
6,1963,1963,936,1054,1,2,11.83138646878959,TA,TA,Gd
6,2002,2003,783,1509,2,2,12.118339189722553,Gd,Gd,Gd
6,1954,1954,832,832,1,2,11.566475710526321,TA,TA,Gd
9,2007,2007,1822,1828,2,3,12.659737267217572,Ex,Ex,Gd
8,2003,2003,1482,2262,2,3,12.628070334272698,Gd,Gd,Gd
3,1914,1950,864,864,1,0,11.112462823634855,TA,TA,TA
6,1974,1997,1522,2614,2,2,12.388398368982115,TA,TA,TA
5,1977,1977,980,980,1,2,11.813037464800539,TA,TA,TA
6,2000,2000,756,1512,2,2,12.034696963475044,Gd,Gd,Gd
6,1972,1972,732,1790,1,2,12.014615485902027,TA,TA,TA
6,1962,1962,1116,1116,1,2,11.982935344196433,TA,TA,TA
5,1960,1978,978,1422,1,1,11.848690308590857,TA,TA,TA
6,1955,1972,1156,1520,1,1,11.938199736300925,TA,TA,TA
5,1969,1969,1040,2080,1,2,11.813037464800539,TA,Gd,Fa
6,1964,1964,1248,1350,1,2,12.034696963475044,TA,TA,TA
5,1880,1991,636,1750,1,1,11.728044909070785,TA,Fa,Ex
8,2006,2006,1554,1554,2,2,12.252483791602627,Gd,Gd,Gd
7,1977,1977,1386,1411,2,2,11.320565693461432,TA,TA,TA
5,1954,2005,1056,1056,1,1,11.845109950883979,TA,TA,TA
6,1980,1980,1056,1056,0,2,11.87757552297847,TA,TA,TA
6,1914,1995,1440,3395,2,0,12.206077645517674,Fa,TA,Fa
2,1936,1950,264,800,1,0,11.002116507732017,Fa,TA,Fa
5,1954,1954,811,1387,2,1,11.440365524765756,TA,TA,Gd
5,1910,1950,796,796,1,0,11.350418300109132,TA,Fa,TA
8,2006,2006,1520,1567,2,3,12.485830907348902,Gd,Gd,Ex
8,2003,2004,1518,1518,1,2,12.520887034998584,Ex,Ex,Ex
7,2001,2001,1057,1929,2,2,12.328294703023394,Gd,Gd,Gd
8,1972,1995,1952,2704,2,2,12.75130259456002,Gd,Gd,Ex
5,1969,1969,780,1620,2,2,11.931642378754141,TA,TA,TA
9,2009,2009,1766,1766,2,3,12.823631142839984,Ex,Ex,Ex
6,1971,1971,981,981,1,2,11.872353615355413,TA,TA,TA
5,1950,1950,0,1048,1,2,11.495789479023493,TA,None,TA
6,1953,1953,1094,1094,1,2,11.951186847493476,TA,TA,TA
6,1966,1966,756,1839,1,2,11.951186847493476,TA,TA,TA
4,1970,1970,630,630,1,0,11.344518647594766,TA,Gd,TA
7,2007,2007,813,1665,2,2,12.235393555399902,Gd,Gd,Gd
4,1940,1950,755,1510,1,1,11.58989576532275,TA,TA,TA
7,1996,1996,880,1716,2,2,12.160033942617156,Gd,Gd,Gd
6,1906,1995,756,1469,1,1,11.813037464800539,TA,TA,TA
8,1995,1995,2109,2113,2,3,12.765691290604371,Gd,Gd,Gd
6,1971,1971,525,1092,1,1,11.385103457032141,TA,TA,TA
5,1959,2006,1053,1053,1,1,11.8879382384223,Gd,TA,Gd
7,1931,2000,776,1502,1,1,11.91170829631447,TA,Gd,TA
6,1948,1950,912,1458,1,1,11.487617913343598,TA,TA,TA
5,1964,1999,1486,1486,1,2,12.025755079404917,TA,TA,TA
7,1976,1976,793,1935,2,2,12.19552218463499,TA,Gd,TA
8,1994,2005,1629,2448,2,3,12.904209855160254,Gd,Gd,Gd
6,1968,1968,1392,1392,1,2,11.608244735642321,TA,Fa,TA
4,1972,1972,1138,1181,2,2,11.83138646878959,TA,Gd,TA
8,2005,2006,2077,2097,1,3,12.955129822091815,Gd,Ex,Ex
8,2000,2000,1406,1936,2,2,12.348010479804223,Gd,Gd,Gd
6,1965,1979,1021,2380,2,2,11.767575435251748,TA,Gd,TA
6,1994,1998,1408,1679,2,2,12.173037959397275,TA,Gd,Gd
5,1956,1987,1188,1437,1,2,12.031725210748633,TA,TA,TA
4,1922,1950,700,1180,1,1,11.83138646878959,TA,Fa,Fa
6,2005,2005,738,1476,2,2,12.063938642041201,Gd,Gd,Gd
6,1925,1950,672,1369,2,1,11.548302261270587,TA,TA,TA
6,1977,1977,1208,1208,1,2,12.013706813470414,Gd,Gd,TA
6,1957,2004,1477,1839,2,2,12.458778882573533,TA,TA,Gd
6,1965,1965,1136,1136,1,1,11.849404844423074,TA,TA,TA
6,1978,1978,855,1441,2,2,11.908346971208951,TA,TA,TA
4,1900,1950,1095,1774,2,3,11.373674891823535,TA,TA,TA
5,1924,2006,768,792,1,1,11.603688960617083,Gd,TA,Gd
8,2008,2008,2046,2046,2,3,12.827995001361906,Gd,Ex,Gd
5,1961,1961,988,988,1,2,11.763691965388299,TA,TA,TA
6,1980,1980,923,923,2,1,11.870606902224587,TA,Gd,TA
5,1932,2000,793,1520,1,1,11.979391594635791,TA,TA,TA
6,1996,1997,1291,1291,1,2,12.06105265381003,TA,Gd,Gd
9,2002,2002,1626,1668,2,3,12.560247968016562,Gd,Gd,Gd
7,1998,1998,1195,1839,2,2,12.30592250537653,Gd,Gd,TA
7,1984,1984,1190,2090,2,2,12.242891437918386,Gd,Gd,Gd
7,2007,2007,874,1761,3,2,12.336556900342153,Gd,Gd,Gd
7,2004,2004,551,1102,2,2,11.910365121788654,Gd,Gd,Gd
8,2007,2007,1419,1419,2,2,12.879019669789754,Gd,Gd,Gd
6,2005,2006,1362,1362,2,2,12.179220327453931,Gd,Gd,Gd
6,2004,2004,848,848,1,2,11.856522261533737,Gd,Gd,Gd
10,1994,1995,2444,4316,3,3,13.534474352733596,Ex,Ex,Ex
7,1989,1990,1210,2519,2,2,12.721888795877375,Gd,Gd,Gd
5,1921,1968,1073,1073,1,1,11.59433032142082,TA,TA,TA
5,1936,1950,927,1539,1,2,11.860062063178267,TA,TA,TA
6,1987,1987,1112,1137,2,2,12.07824495582233,TA,Gd,Gd
5,1921,1950,616,616,1,1,11.39640288460621,TA,TA,TA
5,1952,1952,980,1148,1,1,11.724004532183379,TA,Ex,TA
5,1965,2009,894,894,1,1,11.83863282480007,TA,TA,TA
7,2004,2004,1391,1391,2,2,12.185875040240456,Gd,Gd,Gd
8,2002,2002,1800,1800,2,3,12.652362948153474,Gd,Ex,Gd
7,1969,1969,1164,1164,1,2,11.849404844423074,TA,TA,TA
8,2006,2006,1234,2576,2,3,12.799178471909892,Ex,Ex,Ex
5,1900,1996,360,1812,2,2,11.849404844423074,TA,Gd,Gd
7,2004,2005,1473,1484,2,2,12.269052139516223,Gd,Gd,Gd
4,1930,1950,0,1092,2,0,10.915106645867503,Fa,None,Fa
7,1971,2002,1643,1824,2,2,12.618185607609803,TA,Gd,Gd
8,2006,2006,1324,1324,2,2,12.445093483000798,Gd,Gd,Gd
7,2007,2007,728,1456,2,2,12.09815887308463,Gd,Gd,Gd
5,1966,1966,876,904,1,1,11.60733523953139,TA,TA,TA
3,1935,2003,270,729,1,0,10.859018228147887,Gd,TA,TA
4,1900,1950,859,1178,1,1,11.54031687156214,TA,TA,TA
8,1988,1989,1228,1228,2,2,12.149507585033072,Gd,Gd,Gd
4,1970,1970,960,960,1,2,11.767575435251748,TA,TA,TA
6,1976,2005,725,1479,2,2,11.779136168550774,Gd,TA,Gd
6,1974,1974,1064,1350,2,2,12.013706813470414,TA,Gd,TA
7,1890,1998,718,2554,1,2,11.979805470779858,TA,TA,TA
5,1973,2000,1176,1178,1,2,11.964007453736912,TA,Gd,Gd
7,1993,1994,1311,2418,2,3,12.739640688812674,Gd,Gd,Gd
5,1969,1969,971,971,1,1,11.763691965388299,TA,Gd,TA
8,1985,1985,1742,1742,2,2,12.524530013005734,Gd,Gd,Gd
6,2004,2004,848,848,1,2,11.870606902224587,Gd,Gd,Gd
4,1970,1970,864,864,1,2,11.732069026983156,TA,TA,TA
4,1954,1972,941,1470,2,1,11.813037464800539,TA,TA,TA
9,2007,2008,1698,1698,2,3,12.676079399771027,Ex,Ex,Ex
4,1970,1970,864,864,1,2,11.699413330633599,TA,TA,Gd
6,1988,2007,880,1680,2,2,12.310437165348775,Gd,Gd,Gd
7,2007,2007,1232,1232,2,2,12.178192583415596,Gd,Gd,Gd
5,1958,1958,1584,1776,2,3,11.608244735642321,TA,TA,TA
4,1925,1950,780,1208,1,2,11.542493975902508,TA,TA,TA
8,1995,1996,1595,1616,2,2,12.373707715234994,Gd,Gd,Gd
7,2003,2003,868,1146,2,2,12.141539457711714,Gd,Ex,Gd
7,1998,1999,1153,2031,2,2,12.312686874960354,Gd,Gd,Gd
5,1961,1983,864,1144,1,1,11.786008995353765,TA,TA,TA
5,1968,1968,948,948,1,1,11.58989576532275,TA,TA,TA
7,1914,1970,880,1768,1,2,12.001511614739405,TA,Gd,TA
3,1950,1950,0,1040,2,2,11.445727410406752,TA,None,TA
8,2005,2005,893,1801,2,3,12.3879816172226,Gd,Gd,Gd
5,1987,1988,1200,1200,3,0,12.095146671399466,TA,Gd,TA
7,2004,2004,864,1728,2,2,12.154784614286667,Gd,Gd,Gd
5,1910,2002,264,1432,2,2,11.790564777297387,TA,Fa,TA
6,1961,1996,912,912,1,1,11.863589378812122,TA,TA,Gd
7,2000,2001,1349,1349,2,2,12.095146671399466,TA,Gd,TA
5,1963,1999,520,1464,2,2,12.07254696717504,TA,Gd,TA
8,1993,1993,1337,1337,2,2,12.100717685412471,Gd,Gd,Gd
8,1976,1996,1142,2715,3,2,12.61087420020211,Ex,TA,Gd
7,2000,2000,952,2256,2,2,12.371591321286905,Gd,Gd,Gd
7,1880,2003,1240,2640,1,4,12.491176396967154,Gd,TA,Gd
7,1996,1996,1720,1720,2,2,12.469978029554953,Gd,Gd,Gd
4,1945,1950,0,1529,2,1,11.49273296168228,TA,None,TA
4,1910,2004,576,1140,1,0,11.477308649967686,TA,TA,TA
7,2003,2003,660,1320,2,2,11.995357787034976,Gd,Gd,Gd
6,1997,1997,1479,1494,2,2,12.28765724080691,TA,Gd,Gd
8,2005,2005,1030,2098,2,3,12.526346537332584,Gd,Gd,Ex
6,1969,2005,1026,1026,1,2,11.957617696467539,TA,TA,Gd
6,1999,1999,729,1471,2,2,12.058158312538197,TA,Gd,TA
8,2007,2007,866,1768,2,2,12.264346270624157,Gd,Gd,Gd
6,1978,1978,672,1386,2,2,11.97603664577121,TA,TA,TA
7,1999,1999,744,1501,2,2,12.097378802727306,TA,Gd,TA
8,1995,1995,1318,2531,2,3,12.577639650232573,Gd,Gd,Gd
6,1959,1959,864,864,1,1,11.755879486687116,TA,TA,TA
5,1924,1950,1145,1301,1,2,11.51293546492023,TA,TA,Fa
7,2009,2009,756,1547,2,2,12.279327754099118,TA,Gd,Gd
8,1999,1999,1252,2365,2,3,12.727841176689147,Gd,Gd,Gd
8,1995,1996,1494,1494,1,2,12.506180941677357,Gd,Gd,Ex
9,2008,2008,1498,1506,2,2,12.484208043148733,Gd,Gd,Ex
7,1988,1988,980,1714,2,2,12.188422799337028,TA,Gd,TA
6,1940,1985,983,1750,2,1,11.982935344196433,TA,Gd,TA
7,2004,2005,1860,1836,2,2,12.28690580994122,Gd,Gd,Gd
8,2003,2003,1650,3279,3,3,13.195615697878253,Ex,Gd,Ex
5,1982,1982,858,858,1,2,11.812296455066814,TA,Gd,TA
4,1951,1951,836,1220,1,2,11.532737896139919,TA,Fa,TA
6,1976,1976,1029,1117,1,2,11.580593459194764,TA,TA,TA
5,1958,1958,912,912,1,1,11.648338835562747,TA,TA,TA
8,2006,2006,1935,1973,2,3,12.886643575525625,Gd,Gd,Gd
6,1998,1998,1204,1204,2,2,11.995357787034976,TA,Ex,TA
7,2005,2006,1614,1614,2,3,12.308182383129823,Gd,Gd,Gd
5,1974,1974,864,894,1,2,11.86710429621008,TA,TA,TA
5,1977,1977,0,2020,2,2,11.87757552297847,TA,None,TA
6,1977,1977,975,1004,1,2,11.813037464800539,TA,Gd,TA
7,1995,1996,1237,1253,2,2,12.07824495582233,TA,Gd,TA
6,1992,1992,761,1603,2,2,12.077676615757813,Gd,Gd,Gd
7,2001,2002,1413,1430,2,2,12.139403856983334,Gd,Gd,Gd
5,1978,1978,1097,1110,1,2,12.016732516077072,TA,Gd,Gd
6,1914,2001,742,1484,2,0,11.759793355371237,TA,TA,TA
6,1967,1967,1372,1342,2,2,11.992266613576142,TA,TA,TA
5,1915,1950,686,1652,2,1,11.842236406331555,TA,Fa,TA
7,2004,2004,956,2084,2,2,12.358798024384122,Gd,Gd,Gd
4,1954,2000,901,901,1,1,11.588969419043872,TA,TA,TA
6,1966,2007,832,2087,2,2,12.141539457711714,TA,TA,Gd
7,2005,2006,1145,1145,2,2,11.984184555794167,Gd,Gd,Gd
6,1976,1976,1029,1062,1,2,11.896833207128452,TA,Gd,TA
7,1996,1997,1117,2013,2,2,12.505402864156405,Gd,Gd,TA
8,2007,2007,1496,1496,2,2,12.323860125621126,Gd,Gd,Gd
7,1994,1996,712,1895,2,2,12.178192583415596,Gd,Gd,Gd
6,1980,1981,650,1564,2,2,12.049424683420915,TA,Gd,TA
6,1977,1977,660,1285,1,2,11.874097282798648,TA,TA,TA
5,1953,1953,773,773,1,1,11.608244735642321,TA,TA,TA
9,2008,2009,1926,3140,3,3,13.091906231773164,Ex,Ex,Ex
5,1937,1950,731,1768,1,1,12.07254696717504,TA,Gd,Gd
6,1997,1997,616,1688,2,2,12.206077645517674,TA,Gd,Gd
4,1916,1990,1196,1196,1,2,11.60733523953139,TA,TA,TA
7,2005,2005,728,1456,2,2,12.149507585033072,Gd,Gd,Gd
9,2008,2009,1734,2822,3,3,13.275829251377,Ex,Ex,Ex
5,1954,1954,936,1128,1,1,11.678448377988165,TA,TA,TA
7,2008,2008,1417,1428,2,2,12.335700805443338,Gd,Gd,Ex
5,1967,1967,980,980,2,1,11.816734299348461,TA,TA,TA
5,1923,2004,1324,1576,1,2,12.317171167298682,TA,TA,Gd
5,1966,1966,1024,1086,1,2,11.982622797311857,TA,TA,TA
5,1898,1965,849,2138,2,2,11.571203807011969,TA,TA,TA
6,1974,1999,1040,1309,1,2,12.10625783509458,TA,TA,Gd
6,2004,2004,848,848,1,2,11.881041706925902,Gd,Gd,Gd
5,1952,1952,540,1044,1,2,10.932999821119937,Fa,TA,Fa
6,1958,1958,1442,1442,1,1,11.969723533345908,TA,TA,TA
5,1918,1950,686,1250,1,1,11.661354090741,TA,TA,Fa
7,1998,1998,1649,1661,2,2,12.323415584358154,TA,Gd,Gd
5,1954,1954,1008,1008,1,1,11.827743504053695,TA,TA,TA
8,2002,2002,1568,1689,2,3,12.509877789891931,Gd,Gd,Gd
6,1971,1971,1010,1052,1,2,11.951186847493476,TA,TA,TA
7,2009,2010,1358,1358,2,2,12.319405795112926,Gd,Gd,Gd
7,2003,2003,798,1640,2,2,12.117246896289503,Gd,Gd,Gd
4,1953,1953,936,936,1,2,11.440365524765756,Fa,Fa,TA
7,2003,2003,847,1733,2,2,12.323860125621126,Gd,Gd,Gd
6,1940,1950,778,1489,2,1,11.845827048676645,TA,TA,TA
8,2006,2006,1489,1489,2,2,12.357079818283598,Gd,Gd,Gd
10,2007,2008,2078,2084,2,3,12.861001210669146,Ex,Ex,Ex
5,1924,1950,784,784,1,0,11.603688960617083,TA,TA,Gd
7,2001,2001,1454,1434,2,2,12.149507585033072,Gd,Gd,Gd
5,1967,1967,1013,2126,2,2,12.128116509451258,TA,TA,TA
7,2005,2005,600,1223,2,2,11.900912042974875,Gd,Gd,Gd
6,1957,1957,1392,1392,1,2,12.019749091416921,TA,TA,TA
7,2005,2005,600,1200,2,2,11.92504173829169,TA,Gd,Gd
7,2003,2003,941,1829,2,2,12.37581963951765,Gd,Gd,Gd
6,1964,1964,1516,1516,1,2,12.025755079404917,TA,TA,TA
5,1961,1961,1144,1144,1,2,11.849047640327147,TA,TA,TA
4,1950,1995,1067,1067,2,2,11.759793355371237,TA,Gd,Gd
5,1948,1973,1559,1559,1,2,11.941462360646149,TA,TA,TA
6,1973,1973,483,987,1,1,11.51293546492023,TA,TA,TA
5,1995,2006,1099,1099,1,1,11.87757552297847,TA,Gd,Gd
5,1946,1995,768,1200,1,1,11.779136168550774,TA,TA,TA
6,1925,1950,672,1482,2,1,11.849404844423074,TA,TA,Fa
5,1904,2002,650,1539,2,2,11.967187086434018,TA,TA,Gd
6,1966,1966,1127,1165,1,2,12.071975378543236,TA,TA,TA
5,1961,1961,1800,1800,2,0,11.856522261533737,TA,TA,TA
5,1915,1950,876,1416,1,3,11.944064817531656,TA,TA,TA
5,1975,1981,1390,1701,2,2,12.049424683420915,TA,Gd,TA
7,1993,1993,740,1775,2,2,12.269052139516223,Gd,Gd,Gd
5,1972,1972,864,864,1,1,11.80186424743109,TA,TA,TA
6,1908,1997,907,2358,3,2,12.388398368982115,TA,TA,TA
6,1976,1994,528,1855,2,2,12.138869243416009,Gd,TA,TA
6,2003,2003,848,848,1,2,11.78676973513378,Gd,Gd,Gd
8,2003,2003,1273,1456,2,2,12.278397958261774,Gd,Gd,Gd
7,1941,1950,918,1646,2,1,12.00762780434872,TA,TA,TA
6,1964,1964,1127,1445,1,2,11.970356641102999,TA,TA,TA
5,1955,1974,1763,1779,1,2,12.04355959836804,TA,TA,TA
5,1962,2010,1040,1040,1,1,11.751950239425476,TA,TA,TA
6,1978,1978,940,1026,1,2,11.898194668458823,TA,Gd,TA
6,1994,1995,702,1481,2,2,12.066816325306588,TA,Gd,TA
7,1976,1976,1090,1370,2,2,11.931642378754141,TA,Gd,TA
6,1968,1984,1054,2654,2,2,12.429220196836383,TA,TA,Gd
7,1918,1998,912,1426,1,1,12.154521423145216,Gd,TA,Gd
5,1965,1965,1039,1039,1,2,11.78676973513378,TA,TA,TA
6,1984,1985,1040,1097,2,2,11.931642378754141,TA,Gd,TA
5,1959,1959,1148,1148,1,1,11.794345471549745,TA,TA,TA
7,2007,2008,1372,1372,2,2,12.43153750053306,Gd,Ex,Gd
5,1970,1970,1002,1002,1,2,11.908346971208951,TA,TA,TA
8,2006,2007,1638,1646,2,3,12.424810506025395,Gd,Gd,Gd
4,1961,1961,1040,1120,1,2,11.767575435251748,TA,TA,Fa
5,1948,1950,0,2320,2,2,12.037659911047468,TA,None,TA
7,1993,1994,1050,1949,2,2,12.371591321286905,Gd,Gd,Gd
5,1962,1962,894,894,1,1,11.603688960617083,TA,TA,TA
6,1998,1998,804,1682,2,2,12.208574513247495,TA,Gd,Gd
5,1953,1996,105,910,1,2,11.661354090741,Gd,TA,Gd
5,1949,1950,832,1268,1,1,11.798111925972618,Gd,TA,TA
5,1941,1950,676,1131,1,1,11.104972264124868,TA,TA,TA
8,2007,2007,1184,2610,2,2,12.623064399210183,Gd,Gd,Ex
4,1963,1963,1064,1040,1,2,11.792456911128632,TA,TA,TA
9,2004,2005,1462,2224,2,3,12.765691290604371,Gd,Ex,Ex
5,1961,1995,1109,1155,1,2,11.904974309480183,TA,TA,Gd
5,1978,2005,864,864,1,1,11.824087219587643,Gd,TA,TA
5,2005,2006,1090,1090,1,2,11.964007453736912,TA,Ex,TA
7,1990,1991,1156,1717,2,2,12.141539457711714,Gd,Gd,Gd
6,1992,1993,808,1593,2,2,12.08954444723597,TA,Gd,TA
4,1912,1950,795,2230,1,1,11.682676678340282,Gd,TA,TA
5,1967,1967,892,892,1,1,11.51293546492023,TA,TA,TA
9,1999,2000,1698,1709,2,2,12.70351207261035,Gd,Ex,Gd
5,1959,2005,1626,1712,2,2,11.884495917930655,TA,TA,TA
5,1955,1955,816,1393,1,1,11.816734299348461,TA,TA,TA
8,1970,1970,2217,2217,2,2,12.498745990829315,Gd,TA,Gd
6,1953,1953,1505,1505,1,2,11.915058360753719,TA,TA,TA
5,1949,2006,672,924,1,2,11.719134432217524,TA,TA,TA
6,1978,1978,918,1683,2,2,12.058158312538197,TA,TA,TA
6,1963,2003,1059,1068,1,1,11.947955847790901,TA,TA,TA
5,1954,1954,1383,1383,1,1,12.013706813470414,TA,Gd,TA
5,1979,1979,0,1535,2,2,11.685693195625964,TA,None,TA
6,1963,1963,780,1796,1,2,11.849404844423074,TA,TA,TA
4,1936,1950,951,951,1,1,11.575909653758895,TA,TA,TA
5,1979,1979,0,2240,2,2,11.870278179170796,TA,None,TA
9,2009,2010,2330,2364,2,3,13.323928581764989,Ex,Ex,Ex
5,1961,1994,912,1236,1,1,11.813037464800539,TA,TA,TA
4,1971,1971,858,858,1,1,11.608244735642321,TA,TA,TA
5,1957,2000,992,1306,1,1,11.938199736300925,TA,TA,TA
7,2003,2003,783,1509,2,2,12.100717685412471,Gd,Gd,Gd
7,2006,2006,1670,1670,2,3,12.388398368982115,Gd,Gd,Gd
5,1967,1967,876,902,1,1,11.74006900564972,TA,TA,TA
5,1954,1954,1056,1063,1,1,11.759793355371237,TA,TA,TA
8,2006,2006,1623,1636,2,3,12.449022745701502,Gd,Gd,Gd
7,1936,1987,1017,2057,1,1,12.429220196836383,Gd,Gd,Gd
5,1983,1983,864,902,1,2,11.782960235741939,TA,Gd,TA
6,2005,2005,742,1484,2,2,12.066816325306588,Gd,Gd,Gd
5,1960,1960,1105,2274,2,2,11.946660519211651,TA,TA,TA
5,1977,1989,1268,1268,1,1,11.874097282798648,TA,Gd,Gd
5,1925,1950,768,1015,1,1,11.385103457032141,TA,TA,TA
5,1949,1950,1001,2002,2,3,11.884495917930655,TA,TA,TA
6,2009,2009,612,1224,2,2,12.065280672855897,Gd,Gd,Gd
4,1970,1970,546,1092,1,1,11.225256725762893,TA,TA,TA
2,1949,1950,480,480,0,1,10.471978128496518,TA,TA,TA
4,1956,1956,1134,1229,1,1,11.813037464800539,TA,TA,TA
7,1991,1991,1104,2127,2,3,12.380030154325457,Gd,Ex,Gd
6,1958,2002,1184,1414,1,2,12.081081821061819,Ex,Gd,TA
6,1994,1994,928,1721,2,2,12.211065162153215,Gd,Gd,Gd
5,1900,2003,1272,2200,2,0,11.890683588496984,TA,TA,TA
6,2005,2006,1316,1316,2,2,12.043500773454495,Gd,Gd,Gd
6,1993,1994,1604,1617,2,2,12.170450649220749,Gd,Gd,Gd
6,1980,1980,1686,1686,2,2,12.242891437918386,TA,Gd,TA
5,1977,1977,1126,1126,2,2,12.07254696717504,TA,Gd,Ex
8,2003,2004,1181,2374,2,3,12.560247968016562,Gd,Gd,Ex
7,1968,1968,832,1978,2,2,12.07824495582233,TA,TA,TA
8,2001,2001,1753,1788,2,2,12.373707715234994,Gd,Gd,Ex
7,1997,1997,964,2236,2,2,12.310437165348775,TA,Gd,Gd
8,2007,2007,1466,1466,2,3,12.211065162153215,Gd,Gd,Gd
5,1965,1965,925,925,1,1,11.674202123168433,TA,TA,TA
9,2006,2006,1905,1905,2,3,12.676079399771027,Ex,Ex,Ex
7,2004,2004,1500,1500,2,2,12.154784614286667,Gd,Gd,Gd
7,1960,2007,585,2069,2,2,12.396697137361691,TA,Gd,Gd
4,1926,1953,600,747,1,2,11.288543647320601,TA,Fa,TA
7,2003,2003,1176,1200,2,2,12.127575825689417,Gd,Gd,Gd
7,2005,2005,1113,1971,2,2,12.441148720271016,Gd,Gd,Gd
7,2006,2006,1391,1962,2,3,12.387560521575551,Gd,Gd,Gd
7,1940,1950,1032,2403,2,1,12.406565597924235,TA,TA,TA
6,1976,1976,1728,1728,2,2,11.924379271639218,TA,TA,TA
7,1999,1999,992,2060,2,2,12.273735966890268,Gd,Gd,Gd
4,1977,1977,1440,1440,2,0,11.918397239722838,TA,Gd,TA
5,1967,1967,1632,1632,2,2,11.870606902224587,TA,TA,TA
6,1958,1958,819,1344,1,2,11.83138646878959,TA,TA,Gd
5,1890,1996,1088,1869,1,2,11.735276702486741,TA,TA,TA
5,1959,1959,1144,1144,1,1,11.870606902224587,TA,TA,TA
8,2002,2003,1616,1629,2,3,12.506180941677357,Gd,Gd,Gd
7,2002,2002,936,1776,2,2,12.167856627501678,Gd,Gd,Gd
6,1972,2006,1161,1381,1,2,12.193498926601634,TA,TA,Gd
5,1950,2002,864,864,1,2,11.767575435251748,TA,TA,Gd
5,1965,1965,828,965,1,1,11.694421681264394,TA,TA,TA
5,1972,2003,768,768,1,1,11.804855999911272,TA,Gd,TA
5,1969,1969,784,1968,2,2,12.055255569732177,TA,TA,TA
6,1975,1975,945,980,2,0,11.755879486687116,TA,Gd,TA
6,1946,1950,979,1958,2,2,11.884495917930655,TA,Gd,TA
6,1980,1980,561,1229,1,2,11.728044909070785,TA,Gd,TA
5,1962,1962,1057,1057,1,2,11.790564777297387,TA,TA,TA
7,2003,2003,1337,1337,2,2,12.128116509451258,Gd,Gd,Gd
7,1999,1999,696,1416,2,2,11.951186847493476,Gd,Gd,Gd
5,1958,2008,858,858,1,0,11.665655135642039,TA,TA,TA
6,1977,1995,1330,2872,2,2,12.513561021741964,TA,Gd,TA
6,1976,1976,804,1548,2,2,11.951186847493476,TA,Gd,Gd
9,2007,2007,1800,1800,2,2,12.384223015005313,Gd,Ex,Ex
7,2002,2003,817,1894,2,2,12.277932735946903,Gd,Gd,Gd
6,2005,2007,783,1484,2,2,12.094587859196112,Gd,Gd,Gd
5,1940,1950,728,1308,1,1,11.982935344196433,Gd,TA,TA
5,1955,1955,1098,1098,1,1,11.813037464800539,TA,TA,TA
3,1910,1950,600,968,1,0,10.542732775946709,TA,TA,TA
6,1958,1958,588,1095,1,1,11.849404844423074,TA,TA,TA
4,1949,1950,720,1192,1,0,11.813037464800539,TA,TA,TA
7,2003,2004,764,1626,2,2,12.06105265381003,Gd,Gd,Gd
6,1979,1979,918,918,2,1,11.507922973347437,TA,Gd,TA
7,2007,2008,1428,1428,2,2,12.111767460549332,Gd,Gd,Gd
7,1910,1993,728,2019,1,2,12.02874460037869,TA,Gd,Gd
7,2000,2000,673,1382,2,2,12.013706813470414,Gd,Gd,Gd
4,1923,1958,440,869,1,0,11.356283350762888,TA,Gd,Fa
7,2006,2007,1241,1241,1,2,12.20557752297723,Gd,Gd,Gd
4,1954,1954,894,894,1,2,11.608244735642321,TA,TA,TA
5,1963,1963,1121,1121,1,2,11.842236406331555,TA,TA,TA
7,1961,2007,944,999,1,2,12.091789104493502,Ex,TA,Ex
8,1998,1999,1225,2612,2,3,12.724869415131389,Gd,Gd,Gd
7,2007,2007,1266,1266,2,2,11.982278882874377,Gd,Gd,Gd
8,2002,2002,1128,2290,2,2,12.45254592991672,Gd,Gd,Gd
5,1977,1977,0,1734,2,2,11.744045122410057,TA,None,Gd
5,1950,1950,1164,1164,1,1,11.736077016252437,TA,TA,TA
6,1910,2003,485,1635,1,1,11.669937760751914,TA,TA,Gd
9,2009,2010,1930,1940,2,3,12.887129532148373,Ex,Ex,Ex
6,1976,1976,848,2030,2,2,12.180759965737863,TA,TA,Gd
7,2006,2006,770,1576,2,2,12.190964083849375,Gd,Gd,Gd
8,1997,1998,1396,2392,2,3,12.759960632315702,Gd,Gd,Gd
8,1882,1986,916,1742,1,2,12.031725210748633,Gd,TA,Gd
6,1964,1993,822,1851,2,2,12.138869243416009,TA,TA,Gd
6,2005,2006,750,1500,2,2,12.066241450757124,TA,Gd,Gd
10,2006,2007,1700,1718,2,3,12.729323752253295,Ex,Ex,Ex
4,1946,1950,747,1230,1,1,11.7085004721646,TA,TA,TA
5,1961,1961,1050,1050,1,1,11.824087219587643,TA,TA,TA
6,1970,1970,1442,1442,2,2,12.128116509451258,TA,TA,TA
3,1922,1950,1007,1077,1,1,11.418625774449596,TA,TA,TA
7,2006,2006,1187,1208,2,2,12.235636302128867,Gd,Gd,Gd
3,1952,1952,0,944,1,2,11.314486721293981,TA,None,Fa
5,1920,1950,691,691,1,1,11.362114203075018,TA,Fa,Ex
8,2006,2006,1574,1574,2,3,12.354496960983985,Gd,Gd,Gd
5,1976,1976,1680,1680,2,2,11.827049837927534,TA,TA,TA
7,2005,2006,1346,1504,2,2,12.10625783509458,Gd,Gd,Gd
5,1977,1977,985,985,2,1,11.917730355182513,Gd,Gd,TA
6,1970,1970,1657,1657,2,2,12.004574385508691,TA,Gd,TA
4,1970,1970,546,1092,1,1,11.385103457032141,TA,TA,TA
7,2004,2005,1710,1710,2,2,12.388398368982115,Gd,Ex,Gd
5,1926,1950,1008,1522,2,0,11.532737896139919,TA,TA,TA
5,1948,1950,720,1271,2,1,11.813037464800539,TA,TA,TA
5,1965,1965,0,1664,2,0,11.51293546492023,TA,None,TA
6,1923,1996,602,1502,1,1,12.013706813470414,TA,TA,Gd
5,1910,2006,1022,1022,1,1,11.350418300109132,TA,TA,TA
6,1948,1950,1082,1082,1,1,11.688566422839942,TA,TA,TA
8,2001,2001,810,1665,2,2,12.33270970174018,Gd,Gd,Gd
7,1996,1996,1504,1504,2,2,12.220966184120165,Gd,Gd,Gd
8,1984,1984,1220,1360,1,2,12.141539457711714,Gd,Gd,Gd
7,1991,1992,384,1472,2,2,11.982935344196433,Gd,Gd,Gd
7,2005,2005,1362,1506,2,2,12.271349956195543,Gd,Gd,Gd
4,2005,2005,1132,1132,1,2,12.07824495582233,TA,Gd,Gd
7,2006,2006,1199,1220,2,2,12.175618592671356,Gd,Gd,Gd
5,1930,1950,912,1248,1,1,11.373674891823535,TA,TA,TA
7,2005,2006,1346,1504,2,2,12.160033942617156,Gd,Gd,Gd
8,1976,1976,1565,2898,2,2,12.567240979056246,Gd,Gd,Gd
5,1972,1972,882,882,1,2,11.630717389475995,TA,TA,TA
5,1960,1960,1268,1264,1,2,12.02874460037869,TA,TA,TA
8,2007,2008,1638,1646,2,3,12.588194064175278,Gd,Gd,Gd
5,1941,1950,768,1376,1,1,11.561725152903833,TA,TA,TA
6,1972,1972,672,1218,1,1,11.678448377988165,TA,TA,TA
5,1916,1995,686,1928,2,0,11.982935344196433,TA,TA,TA
7,1920,1970,824,3082,2,2,12.190964083849375,TA,TA,TA
8,1993,1993,1338,2520,2,3,12.644330802262578,Gd,Gd,Gd
7,2002,2002,1654,1654,2,3,12.345838935721968,Gd,Gd,Gd
5,1938,1950,920,954,1,1,11.693169865968983,TA,Fa,Fa
4,1957,1957,0,845,1,1,11.338583982516495,TA,None,TA
9,2007,2008,1620,1620,2,3,12.66191713053049,Gd,Ex,Ex
8,2001,2002,1055,2263,2,2,12.567240979056246,Gd,Gd,Gd
4,1970,2008,546,1344,1,0,11.48247656671073,TA,TA,TA
4,1970,1970,630,630,1,1,11.289794413577894,TA,Gd,TA
5,1957,2000,1134,1803,2,2,11.951186847493476,TA,TA,TA
6,1966,2000,800,1632,1,2,12.06105265381003,TA,TA,Gd
6,2005,2005,1306,1306,2,2,12.185875040240456,Gd,Gd,Gd
7,1990,1990,1475,2329,2,2,12.47717172708952,TA,Gd,Gd
8,1981,1981,2524,2524,2,2,12.535379989788607,Gd,Gd,Gd
3,1955,1955,0,1733,2,2,11.846543632608535,TA,None,TA
9,2005,2006,1992,2868,3,3,13.229569788348705,Gd,Ex,Ex
5,1994,1995,990,990,1,2,11.884495917930655,TA,Gd,TA
5,1960,2006,0,1771,1,2,11.652696102959753,TA,None,TA
4,1946,2006,0,930,1,1,11.349241150793087,TA,None,Gd
7,2007,2007,1302,1302,2,2,12.080996832096167,Gd,Gd,Gd
7,2007,2007,1316,1316,2,2,12.206782393599413,Gd,Gd,Gd
6,1964,1978,816,1977,1,2,12.013706813470414,TA,TA,TA
5,1957,2002,1216,1526,1,1,11.881041706925902,TA,TA,TA
8,2002,2002,1065,1989,2,2,12.449022745701502,Gd,Gd,Gd
6,1976,1976,1193,1523,2,2,12.100717685412471,TA,Gd,TA
7,2005,2005,1364,1364,2,2,12.13270055639427,Gd,Gd,Gd
7,1994,1994,973,1850,2,2,12.421188057397055,Gd,Gd,Gd
9,2008,2008,1104,2184,2,3,12.721888795877375,Ex,Ex,Ex
6,1932,1950,854,1991,1,2,12.301387370778713,TA,TA,TA
8,2001,2001,1338,1338,2,2,12.271396795480596,Gd,Gd,Gd
3,1935,1950,894,894,1,3,11.302216779257382,Fa,TA,TA
5,1900,1950,662,2337,2,2,11.407576060361786,TA,TA,TA
6,1925,1980,1103,1103,1,2,11.612779849672751,TA,TA,Gd
5,1966,1966,1154,1154,1,2,11.944714374881176,TA,TA,TA
7,1996,1997,1306,2260,2,2,12.700771936142122,Gd,Ex,Gd
6,1993,1994,799,1571,2,2,12.08954444723597,Gd,Gd,TA
6,1964,1964,780,1611,1,2,12.031129798974042,TA,TA,TA
6,1973,1973,942,2521,2,2,11.927687224983487,TA,Gd,TA
5,1949,2003,845,893,1,2,11.813037464800539,TA,TA,Gd
5,1956,1956,1048,1048,1,1,11.813037464800539,TA,TA,TA
6,1968,1968,727,1556,1,2,11.944714374881176,TA,TA,TA
5,1948,1950,810,1456,1,1,11.424105180165641,TA,Fa,TA
6,1977,1977,690,1426,1,2,11.979805470779858,TA,TA,TA
7,2006,2006,1240,1240,2,3,12.175618592671356,Gd,Gd,Gd
7,1940,1984,800,1740,1,1,12.299112067295642,TA,TA,TA
5,1936,1989,796,1466,2,2,12.04355959836804,TA,Fa,Gd
5,1969,1969,1096,1096,1,1,11.840796531639839,TA,TA,TA
6,2004,2004,848,848,1,2,11.956976469393481,Gd,Gd,Gd
5,1994,1994,990,990,1,1,11.744045122410057,TA,Gd,TA
6,1971,2004,1258,1258,2,2,11.884495917930655,Gd,TA,Gd
5,1963,1963,1040,1040,1,1,11.798111925972618,TA,TA,TA
7,2002,2002,1459,1459,2,2,12.165255859329688,Gd,Gd,Gd
6,1964,1964,1251,1251,1,1,11.982935344196433,TA,TA,TA
6,1995,1996,691,1498,2,2,12.141539457711714,TA,Gd,TA
6,1992,1992,936,996,1,2,11.898194668458823,TA,Gd,Gd
4,1973,1973,546,1092,1,1,11.332613886815139,TA,TA,TA
8,2005,2006,1082,1953,2,3,12.437188334739655,Gd,Gd,Gd
7,2004,2004,970,1709,2,2,11.83138646878959,Gd,Gd,Gd
8,2005,2005,1247,1247,1,2,12.190964083849375,Gd,Gd,Gd
3,1950,1950,0,1040,2,2,11.439289689006644,TA,None,TA
7,1999,2000,600,1252,2,2,11.982935344196433,Gd,Gd,Gd
6,1925,1950,1181,1694,2,2,11.824087219587643,TA,TA,TA
5,1965,1998,864,1200,1,2,11.891368749982085,TA,TA,Gd
5,1956,2000,936,936,1,1,11.767575435251748,TA,TA,TA
6,2006,2006,1314,1314,2,2,12.080696479888447,Gd,Gd,Gd
6,1914,2006,684,1355,1,0,11.751950239425476,TA,TA,Gd
8,1986,1986,1074,1088,1,2,12.04355959836804,Gd,Gd,Gd
4,1936,1950,672,1324,1,1,11.759793355371237,TA,TA,TA
7,1978,1978,1271,1601,2,2,11.964007453736912,TA,Gd,TA
2,1920,1950,290,438,1,1,11.002116507732017,TA,TA,Fa
5,1971,1971,950,950,1,1,11.691080018519527,TA,TA,TA
5,1960,2002,1010,1134,1,1,11.813037464800539,TA,TA,TA
6,1959,1959,655,1194,1,2,11.979805470779858,TA,TA,TA
5,1970,1970,630,1302,2,2,11.571203807011969,TA,TA,TA
8,1994,1995,1463,2622,2,2,12.691583538230217,Gd,Ex,Gd
7,1990,1991,910,1442,2,2,12.100161978566867,Gd,Gd,Gd
7,2006,2006,868,2021,2,2,12.52352951631214,Gd,Ex,Gd
6,2000,2000,924,1690,2,2,12.10625783509458,TA,Gd,TA
8,2004,2005,1836,1836,2,3,12.54254845357358,Gd,Ex,Gd
6,1995,1996,773,1658,2,2,12.144202560946876,TA,Gd,TA
7,1976,1976,803,1964,2,2,12.230770136157428,TA,TA,TA
5,1957,1957,816,816,1,1,11.774527900858468,TA,TA,TA
5,1953,2006,1008,1008,1,1,11.80932691294063,TA,TA,Gd
5,1954,2000,833,833,1,1,11.669937760751914,TA,TA,Gd
8,2007,2007,1734,1734,2,3,12.669809806411457,Gd,Ex,Ex
8,2002,2002,408,1419,2,2,12.123239799036943,Gd,Gd,Gd
5,1967,2003,894,894,1,2,11.775297421715827,TA,TA,Gd
5,1958,1987,533,1601,1,1,11.849404844423074,TA,TA,TA
5,1959,1959,1040,1040,1,1,11.803361242493628,TA,TA,TA
6,1920,1950,1012,1012,1,1,11.681832447342321,TA,TA,TA
7,2005,2006,1552,1552,2,3,12.268582547911404,Gd,Gd,Gd
4,1956,1956,672,960,1,1,11.626263078808801,TA,TA,TA
5,1947,2008,698,698,1,0,11.678448377988165,TA,TA,TA
7,1992,1992,384,1482,2,2,12.007017865994577,TA,Gd,Gd
4,1955,1955,1005,1005,1,2,11.652696102959753,TA,TA,Fa
7,2007,2007,1373,1555,2,3,12.066816325306588,Gd,Gd,Gd
7,2004,2004,1530,1530,2,3,12.464587201678082,Gd,Gd,Gd
7,2004,2005,847,1959,2,2,12.278397958261774,Gd,Gd,Gd
5,1980,1980,936,936,1,2,11.849404844423074,TA,Gd,TA
4,1928,1950,1122,1981,2,2,11.813037464800539,TA,TA,Gd
5,1991,1992,974,974,1,0,11.445727410406752,TA,Gd,TA
6,1880,1950,1008,2210,2,1,11.674202123168433,TA,TA,Fa
8,1995,1995,1128,2020,2,2,12.386312871189734,Gd,Gd,Gd
6,1997,1997,916,1600,2,2,12.037659911047468,TA,Gd,TA
6,1926,1950,960,986,1,1,11.532737896139919,TA,TA,TA
6,1950,1950,1032,1252,1,1,11.686887175419702,TA,TA,TA
5,1875,1996,780,1020,1,0,11.451060699493427,TA,TA,TA
6,1977,1977,1567,1567,2,2,12.185875040240456,TA,TA,Gd
5,1920,1950,915,1167,1,2,11.87757552297847,TA,TA,TA
5,1951,1951,952,952,1,2,11.842236406331555,TA,TA,TA
5,1976,1976,780,1868,2,2,12.193498926601634,TA,TA,Gd
8,2006,2007,1466,2828,3,3,12.959540872420414,Gd,Ex,Gd
5,1959,1959,1006,1006,1,0,11.289794413577894,TA,TA,TA
4,1941,1950,672,924,1,1,11.289794413577894,TA,Gd,Fa
5,1928,1950,1042,1576,1,1,11.91170829631447,TA,TA,TA
6,1985,1985,1298,1298,2,2,12.100717685412471,Gd,Gd,Gd
7,1941,1950,704,1564,1,1,12.069685751267224,TA,TA,Fa
7,1926,1950,572,1111,1,1,11.669082701743504,TA,TA,TA
7,1920,1988,650,1482,1,2,11.870606902224587,TA,TA,TA
6,1950,1950,932,932,1,1,11.728044909070785,TA,TA,Gd
5,1959,1959,1466,1466,1,2,11.917730355182513,TA,TA,Fa
6,1956,2004,1073,1811,1,2,12.345838935721968,TA,TA,Ex
6,1930,2007,816,816,1,1,11.699413330633599,Gd,TA,TA
7,1965,1988,864,1820,1,2,12.215037342290755,TA,TA,Gd
5,1976,2004,1437,1437,2,2,12.292254928916668,Gd,Gd,Gd
5,1965,1999,1219,1265,2,2,12.100161978566867,TA,TA,Gd
7,2007,2008,1314,1314,2,2,12.345838935721968,Gd,Gd,Gd
8,2007,2008,1580,1580,2,3,12.367889578686164,Gd,Gd,Gd
6,1974,1974,901,1876,2,2,12.128116509451258,Gd,TA,Gd
6,1978,1978,855,1456,2,2,11.891368749982085,TA,Gd,TA
6,1954,2006,1296,1640,1,2,12.319405795112926,Gd,TA,Gd
5,1968,1968,894,894,1,2,11.767575435251748,TA,Gd,TA
4,1969,1969,1198,1258,0,2,11.59873612138334,TA,Gd,TA
5,1978,1978,1360,1432,1,2,12.175618592671356,TA,Gd,Gd
7,2009,2009,1502,1502,2,2,12.359527368950229,Gd,Gd,Gd
8,2008,2008,1694,1694,2,3,12.41044511731981,Gd,Gd,Gd
6,2000,2000,959,1671,2,2,12.06105265381003,TA,Gd,TA
6,1935,1986,1127,2108,2,2,12.367345048436391,TA,TA,Gd
10,1995,1996,1930,3627,3,3,13.345508528717259,Gd,Ex,Gd
6,1977,1977,1096,1118,1,1,12.049424683420915,TA,TA,TA
6,1958,1958,1261,1261,1,2,12.001511614739405,TA,TA,TA
7,2006,2007,625,1250,2,2,12.05467400868968,Gd,Gd,Gd
5,1946,1994,1598,3086,3,0,12.208574513247495,TA,TA,Ex
6,1932,1950,952,2345,2,2,12.384223015005313,TA,Gd,TA
8,1992,2000,1683,2872,2,2,12.560247968016562,Gd,Gd,Gd
5,1984,1985,876,923,1,1,11.691080018519527,TA,TA,TA
6,1926,2004,818,1224,1,1,11.652696102959753,TA,TA,TA
5,1921,1950,731,1343,1,1,11.950541482162043,TA,TA,TA
5,1954,1954,0,1124,1,0,11.440365524765756,TA,None,TA
7,1990,1991,1216,2514,2,2,12.429220196836383,TA,Gd,TA
8,2008,2008,1600,1652,2,2,12.880294363972055,Ex,Ex,Gd
10,1996,1996,2396,4476,3,3,13.521140839642674,Gd,Ex,Ex
5,1920,1950,1120,1130,1,2,11.695255355062795,TA,TA,TA
5,1963,1963,1572,1572,1,3,12.137263685701864,TA,TA,TA
5,1924,1950,784,1221,1,1,11.560772327227417,TA,TA,TA
3,1900,1970,978,1699,2,2,11.461642696843066,TA,Fa,TA
8,1994,1995,1624,1624,2,3,12.476103599529843,Gd,Gd,Gd
7,2002,2002,831,1660,2,2,12.180759965737863,Gd,Gd,Gd
7,1999,1999,994,1804,2,2,12.149507585033072,TA,TA,Gd
4,1961,1975,1249,1622,1,4,12.031725210748633,TA,TA,TA
8,1999,2000,776,1441,2,2,12.066816325306588,Gd,Gd,Gd
5,1925,1994,702,1472,1,1,11.736077016252437,TA,TA,Gd
6,1999,1999,1224,1224,2,2,12.013706813470414,TA,Ex,TA
6,1969,1969,663,1352,1,1,11.970356641102999,TA,TA,TA
6,2005,2005,728,1456,2,2,12.07824495582233,TA,Gd,Gd
7,2006,2006,879,1863,2,3,12.29779001527865,Gd,Gd,Gd
7,1916,1950,815,1690,1,1,11.87757552297847,TA,TA,TA
7,2001,2001,1212,1212,2,2,12.08954444723597,Gd,Gd,Gd
4,1963,1979,1051,1382,1,2,11.904974309480183,TA,TA,TA
4,1970,1970,864,864,1,1,11.6617850286409,TA,TA,TA
7,1998,1998,866,1779,2,2,12.19552218463499,TA,Gd,Gd
5,1925,1997,884,1348,1,1,11.669937760751914,TA,TA,TA
7,2000,2001,1630,1630,2,2,12.269052139516223,Gd,Gd,Gd
5,1975,1975,1056,1074,1,2,11.941462360646149,TA,Gd,TA
7,1990,1991,2158,2196,2,3,12.513193308436527,Gd,Gd,Gd
4,1966,1966,1056,1056,1,1,11.580593459194764,TA,TA,TA
6,2003,2003,1682,1700,2,2,12.206077645517674,Gd,Gd,Gd
5,1962,1980,931,1283,1,2,11.849404844423074,TA,TA,TA
8,2006,2006,1660,1660,2,2,12.577639650232573,Gd,Ex,Gd
6,1992,1992,1055,1845,2,2,12.149507585033072,Gd,Gd,Gd
8,1988,2005,559,1752,2,2,12.00762780434872,Gd,Gd,TA
4,1941,1950,672,672,1,1,11.635151947212842,TA,TA,TA
4,1965,2001,648,960,0,1,11.884495917930655,TA,TA,TA
5,1962,1962,925,999,1,1,11.80932691294063,TA,TA,TA
5,1966,1966,894,894,1,1,11.736077016252437,TA,TA,TA
6,1978,1978,0,1902,2,2,11.626263078808801,TA,None,TA
8,2009,2009,1300,1314,2,2,12.343470927093518,Gd,Gd,Gd
4,1947,1950,0,912,1,0,11.296024885689746,TA,None,TA
6,1971,1971,672,1218,1,0,11.424105180165641,TA,TA,TA
5,1964,1964,912,912,1,1,11.652696102959753,TA,TA,TA
5,1968,1968,952,1211,1,1,11.80560254159177,TA,TA,TA
6,1949,1950,1040,1846,2,1,11.870606902224587,TA,TA,TA
5,1951,1951,2136,2136,2,2,11.834291315386718,TA,TA,TA
7,2004,2005,788,1490,2,2,12.122696471358964,Gd,Gd,Gd
6,1958,1958,588,1138,1,1,11.884495917930655,TA,TA,TA
6,2007,2007,894,1933,2,3,12.273735966890268,Gd,Gd,Gd
5,1965,2008,912,912,1,2,11.898194668458823,TA,TA,Gd
9,2008,2008,1702,1702,1,3,12.813920618864572,Ex,Ex,Ex
5,1960,1960,1075,1507,2,1,11.751950239425476,TA,TA,TA
5,1977,1977,1361,2620,2,2,12.154784614286667,TA,Gd,TA
5,1962,1962,1106,1190,1,2,11.794345471549745,TA,TA,TA
4,1962,1962,0,1224,2,2,11.530775206233024,TA,None,TA
5,1959,1959,1188,1188,1,2,11.863589378812122,TA,TA,TA
5,1911,1950,940,1964,1,0,11.775297421715827,TA,TA,TA
5,1914,1950,747,1784,1,1,11.841423131921784,TA,Gd,TA
7,2003,2003,764,1626,2,2,12.075400019877522,Gd,Gd,Gd
7,2004,2005,847,1948,2,2,12.180759965737863,Gd,Gd,Gd
6,2005,2005,1141,1141,1,2,11.86710429621008,Gd,Gd,TA
8,2006,2006,1476,1484,2,2,12.490879338036375,Gd,Gd,Ex
7,2003,2003,884,1768,2,2,12.323415584358154,Gd,Gd,Gd
7,2007,2007,1689,1689,2,3,12.42250975887691,Gd,Gd,Gd
7,1974,1974,1053,1173,2,2,12.04355959836804,TA,Gd,Gd
10,2006,2006,2076,2076,2,3,13.049794835104816,Ex,Ex,Ex
8,1929,1950,792,1517,1,2,12.345838935721968,TA,Gd,Gd
6,1984,2003,585,1868,3,2,12.08954444723597,TA,Gd,TA
7,2005,2006,756,1553,2,2,12.136191879981927,Gd,Gd,Gd
6,1976,1976,1012,1034,1,3,12.042971193457888,TA,TA,TA
6,1917,1950,735,2058,1,2,11.771443882099637,TA,Gd,TA
5,1950,1950,876,988,1,1,11.686887175419702,TA,TA,TA
7,1968,1968,2110,2110,2,2,12.404927602627597,Gd,TA,Ex
7,2003,2003,1405,1405,2,2,12.053801032483948,Gd,Gd,Gd
5,1968,1968,864,874,1,1,11.775297421715827,TA,TA,TA
7,1974,2003,1192,2167,2,2,12.591338447675579,Gd,TA,Gd
7,2003,2004,746,1656,2,2,12.016128107502665,Gd,Gd,Gd
6,1931,1950,884,1367,1,1,11.755879486687116,TA,TA,TA
8,1994,1994,1986,1987,2,2,12.616528611893463,Gd,Gd,Gd
5,1922,1950,864,864,1,0,11.511934974596555,TA,Fa,TA
7,2005,2005,856,1166,2,2,12.154784614286667,Gd,Gd,Gd
6,1969,1969,1054,1054,1,2,11.92504173829169,TA,Gd,TA
6,1999,1999,841,1675,2,2,12.10625783509458,TA,Gd,TA
5,1956,1956,1050,1050,1,1,11.766799946849087,TA,TA,TA
4,1957,1989,1104,1788,1,1,11.992266613576142,TA,TA,TA
6,1919,1950,764,1824,1,2,12.103491596905931,TA,TA,TA
6,1998,1999,1405,1337,2,2,12.10625783509458,Gd,Gd,Gd
7,1999,1999,691,1452,2,2,12.12215284831553,Gd,Gd,Gd
7,1910,1950,925,1889,1,1,11.711784520403112,Fa,TA,TA
9,2008,2009,2002,2018,2,3,12.843973993864076,Ex,Ex,Ex
8,1935,1997,728,3447,3,3,12.850557278777309,TA,TA,Gd
5,1958,1958,874,1524,1,1,11.87757552297847,TA,TA,TA
7,1979,1979,1332,1524,0,2,12.468440756144114,Gd,Gd,Gd
6,1968,1968,1489,1489,2,2,12.132162346145595,TA,TA,Gd
5,1965,1965,935,935,1,1,11.827743504053695,TA,TA,TA
6,1959,2006,1019,1357,1,1,12.083910661257521,TA,TA,Ex
5,1910,2003,661,1250,2,2,11.842236406331555,TA,TA,TA
5,1948,1950,928,1920,2,2,11.827743504053695,TA,TA,TA
6,1972,1972,723,1395,1,2,11.995357787034976,TA,TA,TA
6,1967,1976,1680,1724,1,2,12.19552218463499,TA,Gd,TA
8,2002,2002,1128,2031,2,2,12.37581963951765,Gd,Gd,Gd
4,1920,1950,698,1128,1,2,11.133142723386813,TA,TA,TA
7,2002,2002,1573,1573,2,2,12.33270970174018,Gd,Gd,Gd
7,1990,1990,1309,1339,2,2,12.100717685412471,TA,Gd,TA
5,1977,2008,1040,1040,2,2,11.921725007667265,TA,Gd,Gd
6,1971,1971,912,1824,2,0,11.842236406331555,TA,TA,TA
6,1919,1990,804,2447,2,1,12.037659911047468,TA,TA,Gd
6,1939,1950,780,1412,1,1,11.794345471549745,TA,TA,TA
6,1963,1963,1328,1328,1,2,11.870606902224587,TA,TA,TA
5,1964,1964,1624,1582,2,2,12.154784614286667,TA,TA,TA
8,2000,2000,1501,1659,2,2,12.535379989788607,Gd,Gd,Ex
8,2006,2006,1085,1970,2,3,12.546113507028412,Gd,Gd,Ex
5,1964,1964,1152,1152,1,2,12.103491596905931,TA,TA,TA
5,1972,1972,630,1302,2,1,11.691080018519527,TA,TA,TA
5,1892,1965,994,2372,2,1,11.58525542883217,TA,TA,TA
7,1976,1976,832,1664,2,2,12.000897933306716,TA,Gd,TA
5,1955,1990,864,864,1,2,11.652696102959753,TA,TA,TA
5,1968,1968,1052,1052,1,1,11.83863282480007,TA,TA,TA
5,1963,1963,1120,1128,2,2,11.951186847493476,TA,TA,TA
6,2005,2006,547,1072,2,2,11.849404844423074,TA,Gd,TA
10,2008,2008,6110,5642,2,2,11.982935344196433,Ex,Ex,Ex
5,1959,1994,1246,1246,1,1,11.944714374881176,TA,TA,Gd
7,1999,1999,978,1983,2,2,12.323860125621126,Gd,Gd,Gd
6,1942,1950,771,1494,1,1,12.086731521684555,TA,TA,Gd
8,1994,1994,1165,2526,2,3,12.577639650232573,Gd,Gd,Gd
7,2005,2005,1616,1616,2,3,12.354496960983985,Gd,Gd,Gd
7,2004,2004,976,1708,2,2,11.775297421715827,Gd,Gd,Gd
9,2006,2007,1652,1652,2,2,12.691583538230217,Gd,Ex,Ex
7,2005,2006,1368,1368,2,2,12.218500103788143,Gd,Gd,Gd
5,1994,1995,990,990,1,2,11.835016210489899,TA,Gd,TA
5,1948,2005,924,1122,1,2,11.898194668458823,TA,TA,Gd
6,1991,1991,1278,1294,2,2,12.09626335986454,TA,Gd,Gd
7,1959,2002,1902,1902,2,2,12.721888795877375,Gd,Gd,Ex
7,2005,2007,1274,1274,2,2,12.220966184120165,Gd,Gd,Gd
8,1990,1990,1453,2810,2,2,12.618185607609803,Gd,Ex,Gd
9,1999,1999,1393,2599,2,3,12.716405147731708,Gd,Gd,Gd
4,1954,1954,948,948,1,1,11.686887175419702,TA,TA,TA
6,1969,1969,952,2112,2,2,12.239995696974733,TA,Fa,TA
8,2008,2008,1622,1630,2,3,12.596403811053621,Gd,Ex,Ex
7,2006,2007,1352,1352,2,2,12.249615734512616,Gd,Ex,Gd
8,2001,2002,1753,1787,2,3,12.524530013005734,Gd,Gd,Gd
4,1954,1954,864,948,1,1,11.6172944892629,TA,TA,TA
6,1957,1957,1478,1478,1,2,11.960817678718287,TA,TA,TA
3,1949,1950,0,720,1,1,11.19135563385109,TA,None,TA
7,1992,1992,750,1923,2,2,12.154784614286667,Gd,Gd,Gd
4,1940,1950,420,708,1,0,11.320565693461432,Fa,TA,Fa
8,2006,2007,1795,1795,2,3,11.898194668458823,Gd,Ex,Gd
4,1922,1950,796,796,1,0,10.915106645867503,TA,TA,TA
3,1931,2006,544,774,1,0,11.277215789596893,TA,TA,Gd
5,1982,2008,816,816,1,1,11.779136168550774,Gd,TA,Gd
6,1920,1950,1510,2792,2,2,12.45293662970407,Gd,Gd,TA
7,1998,1998,935,1632,2,2,12.081081821061819,TA,Gd,TA
8,2006,2006,1588,1588,2,3,12.33270970174018,Gd,Gd,Gd
5,1976,1976,911,954,1,2,11.794345471549745,TA,TA,TA
4,1938,1958,816,816,1,1,11.51293546492023,TA,TA,TA
5,1938,1995,803,1360,1,1,11.74006900564972,TA,TA,Gd
5,1970,1970,765,1365,1,2,11.736077016252437,TA,TA,TA
6,1977,1977,1350,1334,2,2,12.031129798974042,TA,Gd,TA
5,1973,1973,1656,1656,2,2,11.813037464800539,TA,TA,TA
4,1941,1950,693,693,1,0,10.868587496017359,TA,TA,Fa
7,2002,2002,916,1861,2,2,12.206077645517674,Gd,Gd,Gd
5,1972,1972,864,864,1,1,11.763691965388299,TA,TA,TA
4,1971,1971,858,872,1,4,11.719947764402807,TA,TA,TA
6,2003,2004,1114,1114,1,2,11.951186847493476,TA,Gd,Gd
8,2002,2002,1284,2169,2,2,12.339295865674435,Gd,Gd,Gd
6,1928,1950,896,1913,1,2,12.083910661257521,TA,TA,TA
7,2006,2006,728,1456,2,2,11.95655945119582,Gd,Gd,Gd
4,1920,1950,960,960,1,1,11.59451466851004,TA,TA,Fa
7,1968,2003,1568,2156,2,2,12.47801017053037,TA,TA,TA
8,2006,2007,1732,1776,2,3,12.554840409959793,Gd,Ex,Gd
7,1998,1998,1482,1494,2,2,12.278397958261774,Gd,Gd,Gd
8,1872,1987,684,2358,2,0,11.711784520403112,TA,TA,TA
5,1969,1969,1248,2634,2,4,12.206077645517674,TA,TA,TA
6,1962,1962,858,1716,1,2,12.049424683420915,TA,TA,TA
6,1937,2000,698,1176,1,2,11.812296455066814,Gd,TA,TA
8,1995,1996,2033,3238,2,3,12.923914877701906,Gd,Gd,Gd
7,2000,2000,992,1865,2,3,12.367345048436391,Gd,Gd,Gd
7,1968,1992,570,1920,3,2,12.04355959836804,TA,TA,Gd
5,1966,1966,864,892,1,1,11.608244735642321,TA,TA,TA
5,1971,2008,1078,1078,1,2,11.917730355182513,TA,TA,TA
6,2000,2000,756,1573,2,2,12.086731521684555,Gd,Gd,Gd
9,2004,2005,1980,1980,2,3,12.660331092405906,Gd,Ex,Ex
5,1921,1998,612,2601,3,2,12.149507585033072,TA,TA,TA
7,2005,2005,1530,1530,2,2,12.468440756144114,Gd,Ex,Gd
4,1920,2007,715,1738,2,1,11.560772327227417,TA,TA,TA
6,2006,2007,616,1412,2,2,11.963574241653713,TA,Gd,Gd
7,2005,2005,600,1200,2,2,11.878630514504515,Gd,Gd,Gd
7,2000,2000,814,1674,2,2,12.283038316285214,Gd,Gd,Gd
7,1999,1999,873,1790,2,2,12.170450649220749,Gd,Gd,Gd
5,1977,1977,757,1475,2,1,11.751950239425476,TA,TA,TA
6,2003,2004,848,848,1,2,11.87757552297847,Gd,Gd,Gd
8,2003,2003,1657,1668,2,2,12.354496960983985,Gd,Gd,Gd
4,1920,1950,840,1374,1,1,11.561725152903833,Fa,TA,TA
6,1955,1996,992,1661,1,1,12.016732516077072,TA,TA,Gd
7,1998,1998,1108,2097,2,2,12.521981322562505,TA,Gd,Gd
10,2001,2002,2633,2633,2,3,13.05301544288996,Ex,Ex,Ex
7,2005,2005,1026,1958,2,3,12.429220196836383,Gd,Gd,Gd
8,2007,2007,1571,1571,2,3,12.384223015005313,Gd,Gd,Gd
6,1930,1950,768,790,1,1,11.418625774449596,TA,Gd,TA
5,1941,1960,984,1604,2,2,11.669937760751914,TA,TA,TA
6,1973,1973,483,987,1,1,11.326607934898927,TA,TA,TA
5,2006,2007,384,1394,2,2,12.02874460037869,TA,Gd,Gd
3,1914,1950,864,864,1,1,10.97679912709094,TA,TA,TA
6,1970,1970,1205,2117,2,2,12.377927112974284,TA,TA,TA
7,1920,1950,596,1762,1,2,11.964007453736912,TA,Fa,Gd
5,1918,2007,816,1416,2,2,11.626263078808801,TA,TA,Gd
6,1939,1950,560,1258,1,1,11.561725152903833,TA,TA,TA
4,1922,2007,796,1154,1,1,11.74006900564972,TA,TA,Gd
7,1978,1978,1392,2784,3,2,12.429220196836383,TA,Gd,Gd
6,1916,1950,714,2526,2,1,11.820417517632333,TA,TA,Gd
9,2006,2007,1746,1746,2,3,12.84132849667433,Ex,Ex,Ex
6,1941,1950,735,1218,1,2,11.782960235741939,TA,TA,TA
7,2000,2000,1525,1525,2,2,12.367345048436391,Gd,Gd,Gd
5,1967,1967,1584,1584,2,3,11.728044909070785,TA,TA,TA
5,1967,1967,864,900,1,1,11.719947764402807,TA,TA,TA
6,1905,2000,482,1912,2,2,12.001511614739405,TA,Fa,TA
7,2006,2006,1356,1500,2,3,12.415437707935368,Gd,Gd,Gd
8,2005,2006,1094,2482,2,3,12.546871224308068,Gd,Gd,Gd
5,1948,1950,747,1687,1,2,11.982935344196433,TA,TA,TA
5,1920,2004,939,1513,1,1,11.83138646878959,TA,TA,TA
5,1950,1982,1208,1904,1,1,11.835016210489899,TA,TA,TA
6,1925,1990,976,1608,2,1,11.831022768939789,TA,TA,Gd
6,1929,1950,862,1158,1,1,11.695255355062795,TA,TA,TA
6,2004,2004,839,1593,2,2,12.170450649220749,TA,TA,TA
7,2006,2006,1286,1294,2,2,12.174994689959313,Gd,Gd,Gd
8,2007,2007,1485,1464,2,3,12.552930054797935,Gd,Gd,Gd
3,1915,1950,672,1214,1,3,11.561725152903833,TA,TA,TA
8,2004,2005,1594,1646,2,2,12.524530013005734,Gd,Ex,Gd
5,1972,2007,768,768,1,2,11.798111925972618,TA,Gd,TA
5,1985,1985,833,833,1,0,11.626263078808801,TA,TA,TA
4,1910,1950,622,1363,1,2,11.74006900564972,TA,Fa,TA
7,1986,1991,791,2093,2,2,12.278397958261774,TA,Gd,TA
7,2001,2001,944,1840,2,2,12.345838935721968,Gd,Gd,Gd
6,1950,2005,856,1668,1,1,11.849404844423074,TA,TA,TA
4,1949,1950,0,1040,2,2,11.407576060361786,TA,None,TA
8,2005,2006,1844,1844,2,2,12.456835254920371,Gd,Gd,Gd
6,1923,2000,833,1848,1,2,12.240478903153711,TA,TA,Gd
7,2007,2007,1386,1569,2,3,12.077676615757813,Gd,Gd,Gd
4,1885,1950,777,2290,2,2,11.715874472198905,TA,TA,TA
8,1998,1998,1284,2450,2,3,12.73670383776449,Gd,Gd,Gd
5,1963,1963,1144,1144,1,1,11.728044909070785,TA,TA,TA
6,1969,1969,1844,1844,2,2,12.314931534737134,Gd,TA,Gd
6,1968,1968,708,1416,2,2,12.100161978566867,TA,TA,TA
6,1977,1977,1069,1069,2,2,11.755879486687116,TA,Gd,TA
6,2003,2003,848,848,1,2,11.824087219587643,Gd,Gd,Gd
6,1966,1966,697,2201,2,2,12.524420916542532,Gd,Gd,Gd
5,1958,1983,1024,1344,1,1,11.87757552297847,TA,TA,TA
6,1959,1959,1252,1252,1,2,11.863589378812122,Gd,TA,Gd
7,1994,1994,1223,2127,2,2,12.509877789891931,Gd,Gd,Gd
5,1945,1950,913,1558,1,1,11.849404844423074,TA,TA,TA
5,1940,1992,788,804,1,1,11.686887175419702,TA,TA,Gd
6,1981,1981,1440,1440,2,2,12.116700301832573,Gd,Gd,Gd
5,2005,2005,732,1838,2,2,12.165984756488543,Gd,Gd,TA
6,1976,1976,958,958,2,2,11.87583791515714,TA,Gd,TA
4,1927,2007,656,968,2,1,11.07443600653965,TA,TA,TA
6,2000,2000,936,1792,2,2,12.136191879981927,TA,Gd,TA
5,1977,1977,1126,1126,2,2,11.982935344196433,TA,TA,TA
6,1962,2005,1319,1537,1,2,12.066816325306588,Gd,TA,Gd
4,1971,1971,864,864,1,2,11.699413330633599,TA,TA,TA
8,2008,2008,1932,1932,2,3,12.885673487343764,Ex,Ex,Ex
6,1957,1996,912,1236,1,2,11.916395250412128,TA,TA,TA
7,1979,1979,539,1725,2,2,12.190964083849375,TA,TA,TA
6,1922,1994,588,2555,2,2,12.160033942617156,TA,Ex,TA
6,2004,2004,848,848,1,2,11.913719681428494,Gd,Gd,Gd
10,2008,2008,1017,2007,2,3,12.644330802262578,Ex,Ex,Ex
6,1916,1950,952,952,1,1,11.703554089007538,TA,TA,Fa
7,2004,2004,1422,1422,2,2,12.098493002763465,Gd,Gd,Gd
6,1966,1966,814,913,1,1,11.767575435251748,TA,TA,TA
5,1962,1962,1188,1188,1,1,11.969723533345908,TA,TA,TA
8,1995,1996,1220,2090,2,2,12.388398368982115,Gd,Gd,Gd
4,1910,2000,560,1346,1,1,11.626263078808801,TA,Fa,TA
5,1970,1970,630,630,1,0,11.429554725537322,TA,Gd,Ex
5,1974,1974,896,1792,2,0,11.820417517632333,TA,Gd,TA
8,2008,2009,1573,1578,2,3,12.567554517655415,Gd,Gd,Ex
5,2005,2005,547,1072,1,2,11.884495917930655,TA,Gd,TA
5,2006,2006,1140,1140,1,0,11.344518647594766,TA,Gd,TA
7,2004,2005,1221,1221,2,2,12.128116509451258,Gd,Gd,Gd
6,1999,2000,953,1647,2,2,12.07254696717504,TA,Gd,TA
6,1978,1988,1542,2073,2,2,12.25486757159303,TA,Gd,TA
7,1941,2006,1152,2340,2,1,12.493133274926212,Ex,TA,Gd
5,1950,1996,1078,1078,1,1,11.864469267087891,TA,TA,Gd
5,1965,1965,1256,1256,1,1,11.901590234400047,Gd,TA,TA
